;Station_id;date_from;date_to;altitude;latitude;longitude;name;state
3;18510101;2010-12-31;202;50.7827;6.0941;Aachen;Nordrhein-Westfalen;Frei
44;19720101;2024-12-31;44;52.9336;8.237;GroÃŸenkneten;Niedersachsen;Frei
52;19730101;2001-12-31;46;53.6623;10.199;Ahrensburg-Wulfsdorf;Schleswig-Holstein;Frei
61;19760101;1977-12-31;339;48.8443;12.6171;Aiterhofen;Bayern;Frei
70;19740101;1985-12-31;712;48.2052;9.0371;Albstadt-Ebingen;Baden-WÃ¼rttemberg;Frei
71;19870101;2019-12-31;759;48.2156;8.9784;Albstadt-Badkap;Baden-WÃ¼rttemberg;Frei
72;19790101;1994-12-31;794;48.2766;9.0001;Albstadt-Onstmettingen;Baden-WÃ¼rttemberg;Frei
73;19530101;2024-12-31;374;48.6183;13.062;Aldersbach-Kramersepp;Bayern;Frei
78;19610101;2024-12-31;64;52.4853;7.9125;Alfhausen;Niedersachsen;Frei
91;19790101;2024-12-31;304;50.7446;9.345;Alsfeld-Eifa;Hessen;Frei
93;19780101;1977-12-31;269;50.7691;9.2542;Alsfeld-Reibertenrod;Hessen;Frei
96;20200101;2024-12-31;50;52.9437;12.8518;Neuruppin-Alt Ruppin;Brandenburg;Frei
98;18870101;1954-12-31;780;51.189;8.4671;Altastenberg;Nordrhein-Westfalen;Frei
102;19980101;2024-12-31;0;53.8633;8.1275;Leuchtturm Alte Weser;Niedersachsen;Frei
106;19730101;1995-12-31;500;51.7976;10.4429;Altenau;Niedersachsen;
116;19000101;1972-12-31;213;50.9833;12.4333;Altenburg;ThÃ¼ringen;Frei
125;20190101;2024-12-31;739;47.8342;10.8667;Altenstadt;Bayern;Frei
129;19910101;2006-12-31;30;53.6893;13.242;Altentreptow;Mecklenburg-Vorpommern;Frei
131;20050101;2024-12-31;296;51.0881;12.9326;Geringswalde-Altgeringswalde;Sachsen;Frei
132;19540101;1986-12-31;750;49.7725;12.3891;AltglashÃ¼tte;Bayern;Frei
142;19550101;2024-12-31;511;48.406;11.3117;AltomÃ¼nster-Maisbrunn;Bayern;Frei
150;19010101;2024-12-31;215;49.7273;8.1164;Alzey;Rheinland-Pfalz;Frei
151;19470101;2024-12-31;382;49.4691;11.8546;Amberg-Unterammersricht;Bayern;Frei
154;19940101;2024-12-31;516;48.0197;12.2925;Amerang-Pfaffing;Bayern;Frei
161;20120101;2024-12-31;75;50.4237;7.4202;Andernach;Rheinland-Pfalz;Frei
164;19090101;2024-12-31;54;53.0316;13.9908;AngermÃ¼nde;Brandenburg;Frei
167;19400101;2024-12-31;11;53.8409;13.6854;Anklam;Mecklenburg-Vorpommern;Frei
169;18810101;1966-12-31;630;50.573;13.0053;Annaberg-Buchholz;Sachsen;Frei
172;19700101;1990-12-31;395;52.2486;9.5056;Annaturm;Niedersachsen;Frei
174;19850101;1987-12-31;250;49.1886;7.9766;Annweiler-Bindersbach;Rheinland-Pfalz;Frei
175;18810101;1975-12-31;413;49.2964;10.5751;Ansbach;Bayern;Frei
176;19770101;1994-12-31;481;49.2475;10.5826;Ansbach-Claffheim;Bayern;
177;19400101;1956-12-31;418;49.3158;10.5815;Ansbach-Hennenbach;Bayern;Frei
183;19360101;2024-12-31;42;54.6791;13.4344;Arkona;Mecklenburg-Vorpommern;Frei
184;19470101;1965-12-31;55;52.6769;12.0077;Arneburg;Sachsen-Anhalt;Frei
185;18810101;1957-12-31;3;54.6289;9.9294;Arnis;Schleswig-Holstein;Frei
186;18670101;1997-12-31;218;51.3773;8.0713;Arnsberg;Nordrhein-Westfalen;Frei
191;18840101;2024-12-31;217;49.9694;9.9114;Arnstein-MÃ¼desheim;Bayern;Frei
193;19390101;1996-12-31;232;51.3845;9.082;Arolsen-Neu Berich;Hessen;Frei
198;19540101;2024-12-31;164;51.3744;11.292;Artern;ThÃ¼ringen;Frei
202;18810101;1951-12-31;111;49.9771;9.1091;Aschaffenburg;Bayern;Frei
207;19470101;1964-12-31;105;51.7498;11.4667;Aschersleben;Sachsen-Anhalt;Frei
211;19820101;1999-12-31;200;50.58;8.4685;AÃŸlar Klein-AltenstÃ¤dten;Hessen;Frei
217;19380101;2024-12-31;670;47.8774;11.3643;Attenkam;Bayern;Frei
221;19860101;1989-12-31;483;48.5515;11.7117;Au i.d.Hallertau-GÃ¼nzenhausen;Bayern;Frei
222;18810101;2024-12-31;393;50.5908;12.7139;Aue;Sachsen;Frei
231;18790101;1973-12-31;490;48.3723;10.8948;Augsburg (Sankt Stephan);Bayern;Frei
232;19470101;2024-12-31;462;48.4253;10.9417;Augsburg;Bayern;Frei
243;18880101;2006-12-31;4;53.4621;7.467;Aurich;Niedersachsen;Frei
257;18810101;2024-12-31;240;48.727;8.2457;Baden-Baden-Geroldsau;Baden-WÃ¼rttemberg;Frei
259;18810101;2024-12-31;275;47.8064;7.6387;MÃ¼llheim;Baden-WÃ¼rttemberg;Frei
268;19540101;1996-12-31;622;48.5293;8.2727;Baiersbronn-Obertal;Baden-WÃ¼rttemberg;Frei
273;19870101;1989-12-31;467;47.8413;9.6606;Baindt;Baden-WÃ¼rttemberg;Frei
282;18810101;2024-12-31;240;49.8743;10.9206;Bamberg;Bayern;Frei
283;18810101;1959-12-31;382;49.8808;10.8695;Bamberg-Altenburg;Bayern;Frei
284;18790101;1958-12-31;282;49.88;10.88;Bamberg (Sternwarte);Bayern;Frei
288;19910101;1997-12-31;3;53.8409;13.7549;Bargischow-Gnevezin;Mecklenburg-Vorpommern;Frei
294;19930101;2024-12-31;110;52.3199;9.43;Barsinghausen-Hohenbostel;Niedersachsen;Frei
298;19380101;2024-12-31;3;54.3405;12.7108;Barth;Mecklenburg-Vorpommern;Frei
303;19980101;2024-12-31;55;52.0613;13.4997;Baruth;Brandenburg;Frei
314;18810101;2024-12-31;234;51.1604;14.5042;KubschÃ¼tz, Kr. Bautzen;Sachsen;Frei
320;18510101;2024-12-31;350;49.9666;11.5198;Heinersreuth-Vollhof;Bayern;Frei
321;19790101;1994-12-31;789;47.6797;12.0017;Bayrischzell;Bayern;Frei
326;20050101;2012-12-31;120;51.7204;8.0577;Beckum-Unterberg;Nordrhein-Westfalen;Frei
327;19630101;1995-12-31;27;53.6234;8.8323;Bederkesa;Niedersachsen;Frei
330;19310101;2024-12-31;455;49.5617;8.9673;Oberzent-Beerfelden;Hessen;Frei
335;19770101;1976-12-31;4;54.3426;10.6018;Behrensdorf;Schleswig-Holstein;Frei
342;20110101;2024-12-31;103;52.317;8.1694;Belm;Niedersachsen;Frei
348;19900101;2010-12-31;127;50.4135;7.5886;Bendorf;Rheinland-Pfalz;Frei
351;19500101;1987-12-31;502;51.6926;10.6978;Oberharz am Brocken-Sorge;Sachsen-Anhalt;Frei
355;19310101;1988-12-31;140;49.6789;8.6276;Bensheim;Hessen;Frei
361;19050101;1998-12-31;550;47.6344;13.0109;Berchtesgaden (KKst);Bayern;Frei
365;19920101;2001-12-31;421;49.3311;11.4303;Berg/Oberpfalz;Bayern;Frei
368;20020101;2024-12-31;69;52.8152;9.9248;Bergen;Niedersachsen;Frei
377;19270101;2024-12-31;210;49.107;7.9967;Bergzabern, Bad;Rheinland-Pfalz;Frei
379;19550101;2024-12-31;304;50.9075;11.2665;Berka, Bad (Flugplatz);ThÃ¼ringen;Frei
386;19740101;1985-12-31;445;51.0454;8.3851;Berleburg, Bad;Nordrhein-Westfalen;Frei
390;19870101;2024-12-31;611;50.9837;8.3683;Berleburg, Bad-StÃ¼nzel;Nordrhein-Westfalen;Frei
395;19490101;1953-12-31;38;52.4167;13.4833;Berlin-Adlershof;Berlin;Frei
399;19750101;2014-12-31;36;52.5198;13.4057;Berlin-Alexanderplatz;Berlin;Frei
400;18890101;2024-12-31;60;52.631;13.5021;Berlin-Buch;Berlin;Frei
402;18300101;1962-12-31;55;52.4564;13.2997;Berlin-Dahlem (LFAG);Berlin;Frei
403;17190101;2024-12-31;51;52.4537;13.3017;Berlin-Dahlem (FU);Berlin;Frei
405;19520101;1954-12-31;37;52.45;13.65;Berlin-Friedrichshagen;Berlin;Frei
407;19580101;1977-12-31;48;52.6461;13.2858;Berlin-Frohnau;Berlin;Frei
408;18830101;1950-12-31;35;52.5333;13.3833;Berlin-InvalidenstraÃŸe;Berlin;Frei
410;19970101;2019-12-31;33;52.404;13.7309;Berlin-Kaniswall;Berlin;Frei
416;19830101;1995-12-31;47;52.4069;13.4127;Berlin-Lichtenrade;Berlin;Frei
417;19310101;1955-12-31;43;52.4144;13.3036;Berlin-Lichterfelde (SÃ¼d);Berlin;Frei
420;19940101;2024-12-31;61;52.5447;13.5598;Berlin-Marzahn;Berlin;Frei
422;18920101;1964-12-31;35;52.5333;13.3833;Berlin-Mitte;Berlin;Frei
424;19010101;1980-12-31;36;52.5;13.4667;Berlin-Ostkreuz;Berlin;Frei
425;19460101;1981-12-31;38;52.4044;13.4838;Berlin-Rudow;Berlin;Frei
427;19570101;2024-12-31;46;52.3807;13.5306;Berlin Brandenburg;Brandenburg;Frei
429;18910101;1986-12-31;32;52.5667;13.1694;Berlin-Spandau;Berlin;Frei
430;19270101;2020-12-31;36;52.5644;13.3088;Berlin-Tegel;Berlin;Frei
432;19790101;1994-12-31;36;52.6044;13.2952;Berlin-Tegeler Fliesstal;Berlin;Frei
433;19380101;2024-12-31;48;52.4676;13.402;Berlin-Tempelhof;Berlin;Frei
434;19140101;1970-12-31;35;52.4553;13.4699;Berlin-Treptow;Berlin;Frei
435;19640101;2006-12-31;45;52.4289;13.2327;Berlin-Zehlendorf;Berlin;Frei
445;18870101;2024-12-31;85;51.8218;11.711;Bernburg/Saale (Nord);Sachsen-Anhalt;Frei
450;19120101;2011-12-31;120;49.9186;7.0664;Bernkastel-Kues;Rheinland-Pfalz;Frei
458;19750101;1987-12-31;185;50.0699;7.0306;Bertrich, Bad;Rheinland-Pfalz;
460;19480101;2024-12-31;362;49.2641;6.6868;Berus;Saarland;Frei
474;18810101;1985-12-31;599;48.1252;9.7639;Warthausen-Birkenhard;Baden-WÃ¼rttemberg;Frei
480;19310101;2006-12-31;296;50.9275;8.4937;Biedenkopf-Wallau;Hessen;Frei
502;19680101;2006-12-31;371;49.8643;9.5044;Bischbrunn-Oberndorf;Bayern;Frei
508;19950101;2010-12-31;675;50.0539;11.8149;BischofsgrÃ¼n;Bayern;
524;19220101;1992-12-31;80;51.6333;12.3167;Bitterfeld;Sachsen-Anhalt;Frei
526;19060101;1975-12-31;254;50.6738;11.2805;Blankenburg, Bad;ThÃ¼ringen;Frei
535;19270101;2024-12-31;417;50.0372;7.3079;Blankenrath;Rheinland-Pfalz;Frei
550;19950101;2001-12-31;344;50.9041;11.7985;Bobeck;ThÃ¼ringen;Frei
553;19540101;1973-12-31;25;51.838;6.6107;Bocholt (Marienschule);Nordrhein-Westfalen;Frei
554;19460101;2005-12-31;23;51.8293;6.5365;Bocholt-Liedern (Wasserwerk);Nordrhein-Westfalen;Frei
555;19250101;2024-12-31;110;51.5026;7.2289;Bochum;Nordrhein-Westfalen;Frei
570;19790101;1981-12-31;648;49.0768;13.0765;Bodenmais-Mais;Bayern;
576;19350101;2003-12-31;445;48.6759;8.9732;BÃ¶blingen;Baden-WÃ¼rttemberg;Frei
578;19520101;1966-12-31;379;48.9451;11.3667;BÃ¶hming;Bayern;Frei
588;19930101;1995-12-31;105;51.752;9.3953;Boffzen;Niedersachsen;Frei
591;19470101;2024-12-31;45;53.3911;10.6878;Boizenburg;Mecklenburg-Vorpommern;Frei
592;19460101;1962-12-31;10;53.8634;9.7344;Bokel;Schleswig-Holstein;Frei
594;19930101;1999-12-31;425;48.6407;9.6136;Boll, Bad (KKst);Baden-WÃ¼rttemberg;
596;19470101;2024-12-31;15;54.0027;11.1908;Boltenhagen;Mecklenburg-Vorpommern;Frei
598;19490101;1956-12-31;62;50.7285;7.0839;Bonn;Nordrhein-Westfalen;Frei
599;19310101;1998-12-31;62;50.7055;7.1467;Bonn-Friesdorf;Nordrhein-Westfalen;Frei
603;20010101;2024-12-31;147;50.7293;7.204;KÃ¶nigswinter-Heiderhof;Nordrhein-Westfalen;Frei
606;19500101;1953-12-31;571;48.079;10.1977;Boos;Bayern;Frei
614;19510101;2007-12-31;240;51.5709;9.312;Borgentreich-BÃ¼hne;Nordrhein-Westfalen;Frei
617;20050101;2024-12-31;47;51.873;6.8863;Borken in Westfalen;Nordrhein-Westfalen;Frei
619;18810101;2005-12-31;12;53.5788;6.6703;Borkum-SÃ¼derstraÃŸe;Niedersachsen;Frei
634;19810101;1990-12-31;373;49.4442;9.6458;Boxberg-Seehof;Baden-WÃ¼rttemberg;
642;19320101;1992-12-31;4;53.3518;8.4969;Brake;Niedersachsen;Frei
643;19940101;1994-12-31;0;53.296;8.4529;Brake-SÃ¼derfeld;Niedersachsen;Frei
645;19460101;1951-12-31;75;52.4083;7.9682;Bramsche;Niedersachsen;Frei
648;19640101;2006-12-31;9;53.8551;9.7152;Brande-HÃ¶rnerkirchen;Schleswig-Holstein;Frei
650;18880101;2000-12-31;35;52.4136;12.5503;Brandenburg-GÃ¶rden;Brandenburg;Frei
652;19480101;1957-12-31;384;49.5353;10.7706;HagenbÃ¼chach;Bayern;Frei
656;19310101;2024-12-31;607;51.7234;10.6021;Braunlage;Niedersachsen;Frei
657;19060101;2003-12-31;625;51.6634;10.669;Braunlage-HohegeiÃŸ;Niedersachsen;Frei
660;19310101;1960-12-31;83;52.2744;10.5656;Braunschweig-Gliesmarode;Niedersachsen;Frei
661;18810101;1953-12-31;75;52.2708;10.5334;Braunschweig (T.H.);Niedersachsen;Frei
662;19400101;2024-12-31;81;52.2915;10.4464;Braunschweig;Niedersachsen;Frei
685;19990101;2005-12-31;585;49.9017;9.4281;Breitsol;Bayern;Frei
691;18510101;2024-12-31;4;53.0451;8.7981;Bremen;Bremen;Frei
699;19460101;1957-12-31;4;53.1004;8.7834;Bremen-Seefahrtschule;Bremen;Frei
701;19130101;2024-12-31;7;53.5332;8.5761;Bremerhaven;Bremen;Frei
702;19470101;1959-12-31;8;53.5876;8.6015;Bremerhaven-SpeckenbÃ¼ttel;Bremen;Frei
703;18810101;1984-12-31;5;53.4779;9.1553;BremervÃ¶rde (A);Niedersachsen;Frei
704;19980101;2024-12-31;11;53.4451;9.139;BremervÃ¶rde;Niedersachsen;Frei
705;19860101;2006-12-31;5;53.5312;9.1664;BremervÃ¶rde-Niederochtenhause;Niedersachsen;Frei
706;19720101;2004-12-31;234;47.8858;7.6611;Eschbach;Baden-WÃ¼rttemberg;Frei
710;18810101;2003-12-31;182;49.0249;8.699;Bretten;Baden-WÃ¼rttemberg;Frei
717;18910101;2003-12-31;443;51.3873;8.5737;Brilon;Nordrhein-Westfalen;Frei
722;18960101;2024-12-31;135;51.7986;10.6183;Brocken;Sachsen-Anhalt;Frei
727;19530101;1986-12-31;290;49.7345;8.9557;Brombachtal-Kirch-Brombach;Hessen;Frei
729;19040101;1989-12-31;600;50.8282;10.454;Brotterode;ThÃ¼ringen;Frei
736;18620101;1999-12-31;390;49.6303;7.1148;BrÃ¼cken;Rheinland-Pfalz;Frei
755;18810101;2024-12-31;340;49.5182;9.3213;Buchen, Kr. Neckar-Odenwald;Baden-WÃ¼rttemberg;Frei
757;19910101;2024-12-31;445;47.9625;7.9983;Buchenbach;Baden-WÃ¼rttemberg;Frei
760;19770101;2024-12-31;83;53.3629;9.9435;Rosengarten-Klecken;Niedersachsen;Frei
766;20020101;2024-12-31;477;50.1745;7.0595;BÃ¼chel-Alflen;Rheinland-Pfalz;Frei
769;19790101;2024-12-31;68;52.2817;9.089;BÃ¼ckeburg;Niedersachsen;Frei
771;19470101;1955-12-31;148;50.2769;9.1167;BÃ¼dingen;Hessen;Frei
772;18930101;1985-12-31;190;48.6957;8.1744;BÃ¼hlertal;Baden-WÃ¼rttemberg;Frei
773;19870101;2004-12-31;478;48.6743;8.1799;BÃ¼hlertal-Obertal;Baden-WÃ¼rttemberg;Frei
793;19920101;1993-12-31;530;49.662;7.1098;Buhlenberg;Rheinland-Pfalz;Frei
817;19530101;2024-12-31;296;51.0306;8.8146;Burgwald-Bottendorf;Hessen;Frei
829;19800101;1994-12-31;479;50.396;8.5465;Butzbach-Bodenrod;Hessen;
840;19900101;2024-12-31;895;50.4313;12.6114;Carlsfeld;Sachsen;Frei
842;19270101;1961-12-31;914;50.4252;12.5953;Carlsfeld-Weiterswiese;Sachsen;Frei
848;18880101;1978-12-31;38;52.6146;10.0726;Celle (Stadt);Niedersachsen;Frei
850;19400101;2024-12-31;39;52.5959;10.0296;Celle;Niedersachsen;Frei
851;18810101;1995-12-31;391;49.2505;12.6044;Pemfling-Pitzling;Bayern;Frei
853;18820101;2024-12-31;416;50.7913;12.872;Chemnitz;Sachsen;Frei
856;19980101;2024-12-31;551;47.8843;12.5404;Chieming;Bayern;Frei
860;20240101;2024-12-31;80;52.2731;10.0163;Algermissen-GroÃŸ Lobke;Niedersachsen;Frei
863;18810101;2011-12-31;585;51.7904;10.347;Clausthal-Zellerfeld;Niedersachsen;Frei
865;19600101;1970-12-31;42;52.8441;8.0624;Cloppenburg;Niedersachsen;Frei
867;18830101;2024-12-31;344;50.3066;10.9679;Lautertal-Oberlauter;Bayern;Frei
873;19540101;1985-12-31;283;50.2833;10.8;Colberg, Bad;ThÃ¼ringen;Frei
876;19470101;1988-12-31;314;51.304;13.0096;Collmberg;Sachsen;Frei
879;19400101;1954-12-31;68;51.7667;14.2833;Cottbus (Flugplatz);Brandenburg;Frei
880;18890101;2024-12-31;69;51.7759;14.3168;Cottbus;Brandenburg;Frei
881;18980101;2003-12-31;423;49.0985;10.0979;Crailsheim-Alexandersreut;Baden-WÃ¼rttemberg;Frei
888;19030101;1990-12-31;269;50.8149;12.3821;Crimmitschau;Sachsen;Frei
891;19220101;2024-12-31;5;53.8712;8.7058;Cuxhaven;Niedersachsen;Frei
896;19500101;2024-12-31;170;51.0778;10.8619;Dachwig;ThÃ¼ringen;Frei
917;19960101;2024-12-31;162;49.8809;8.6779;Darmstadt;Hessen;Frei
918;19880101;1994-12-31;122;49.8453;8.624;Darmstadt (A);Hessen;Frei
919;18620101;1973-12-31;169;49.8697;8.6796;Darmstadt-Botanischer Garten;Hessen;Frei
920;18310101;1986-12-31;108;49.8564;8.5929;Darmstadt (US-Air-Base);Hessen;Frei
927;19860101;2000-12-31;430;50.1957;6.8279;Daun;Rheinland-Pfalz;
931;19900101;2003-12-31;712;47.8007;9.4108;Deggenhausertal-Azenweiler;Baden-WÃ¼rttemberg;Frei
948;18870101;1950-12-31;60;51.8512;12.2515;Dessau;Sachsen-Anhalt;Frei
953;19510101;2024-12-31;481;49.7619;7.0542;Deuselbach;Rheinland-Pfalz;Frei
954;19980101;2024-12-31;0;54.1796;7.4587;UFS Deutsche Bucht;Hamburg;Frei
963;19410101;2024-12-31;38;52.5881;8.3424;Diepholz;Niedersachsen;Frei
964;19520101;1962-12-31;413;50.0832;6.8904;Dierfeld;Rheinland-Pfalz;Frei
965;19360101;1989-12-31;100;51.2401;13.4166;Diesbar-SeuÃŸlitz;Sachsen;Frei
970;19860101;1998-12-31;405;49.4158;10.6734;Dietenhofen;Bayern;Frei
979;19480101;2022-12-31;314;50.7364;8.2672;Dillenburg;Hessen;Frei
982;18810101;2005-12-31;420;48.5701;10.4985;Dillingen/Donau;Bayern;Frei
983;20070101;2024-12-31;419;48.5562;10.56;Dillingen/Donau-Fristingen;Bayern;Frei
991;19550101;2024-12-31;359;50.9116;13.7087;Dippoldiswalde-Reinberg;Sachsen;Frei
998;18930101;2000-12-31;696;48.7968;8.4921;Dobel;Baden-WÃ¼rttemberg;Frei
1000;19920101;1996-12-31;3;54.1442;11.8454;Doberan, Bad-Heiligendamm;Mecklenburg-Vorpommern;Frei
1001;19370101;2024-12-31;97;51.6451;13.5747;Doberlug-Kirchhain;Brandenburg;Frei
1002;19520101;1970-12-31;94;51.5179;13.4436;Dobra;Brandenburg;Frei
1003;18810101;1975-12-31;201;51.1333;13.1167;DÃ¶beln;Sachsen;Frei
1006;18990101;1960-12-31;15;53.1399;11.2544;DÃ¶mitz;Mecklenburg-Vorpommer;Frei
1018;18810101;2004-12-31;677;47.9422;8.5046;Donaueschingen;Baden-WÃ¼rttemberg;Frei
1032;18980101;1998-12-31;120;51.512;7.5345;Dortmund;Nordrhein-Westfalen;Frei
1047;18280101;1934-12-31;112;51.0557;13.7274;Dresden (Mitte);Sachsen;Frei
1048;19340101;2024-12-31;228;51.1278;13.7543;Dresden-Klotzsche;Sachsen;Frei
1050;19240101;2024-12-31;112;51.0221;13.847;Dresden-Hosterwitz;Sachsen;Frei
1051;19350101;2022-12-31;119;51.0249;13.775;Dresden-Strehlen;Sachsen;Frei
1052;19940101;2024-12-31;80;52.2174;12.1641;MÃ¶ckern-Drewitz;Sachsen-Anhalt;Frei
1053;18990101;2002-12-31;192;51.7337;9.0445;Driburg, Bad;Nordrhein-Westfalen;Frei
1066;19630101;1976-12-31;180;51.504;10.2613;Duderstadt;Niedersachsen;Frei
1072;19170101;2024-12-31;107;49.4719;8.1929;DÃ¼rkheim, Bad;Rheinland-Pfalz;Frei
1073;18810101;1952-12-31;115;49.4686;8.1797;DÃ¼rkheim, Bad (Saline);Rheinland-Pfalz;Frei
1074;19380101;1972-12-31;103;51.3043;12.081;DÃ¼rrenberg, Bad;Sachsen-Anhalt;Frei
1076;19300101;1999-12-31;692;48.0135;8.5343;DÃ¼rrheim, Bad;Baden-WÃ¼rttemberg;Frei
1078;19400101;2024-12-31;37;51.296;6.7686;DÃ¼sseldorf;Nordrhein-Westfalen;Frei
1079;19350101;1995-12-31;37;51.1998;6.7574;DÃ¼sseldorf-SÃ¼dfriedhof;Nordrhein-Westfalen;Frei
1084;19950101;2006-12-31;31;51.394;6.7026;Duisburg-Friemersheim;Nordrhein-Westfalen;Frei
1087;19370101;1993-12-31;21;51.4634;6.7321;Duisburg-Laar;Nordrhein-Westfalen;Frei
1091;19520101;2007-12-31;258;51.2806;10.7362;Ebeleben;ThÃ¼ringen;Frei
1102;19880101;2002-12-31;300;48.7201;9.5328;Ebersbach/Fils;Baden-WÃ¼rttemberg;Frei
1103;19380101;2024-12-31;592;48.1003;11.9872;Ebersberg-Halbing;Bayern;Frei
1106;18760101;1972-12-31;45;52.8239;13.7979;Eberswalde;Brandenburg;Frei
1107;19480101;2024-12-31;346;49.852;10.4991;Ebrach;Bayern;Frei
1109;19510101;1979-12-31;58;53.0179;10.4012;Ebstorf;Niedersachsen;Frei
1130;20020101;2002-12-31;18;54.6282;9.3649;Eggebek;Schleswig-Holstein;Frei
1146;19860101;1986-12-31;487;48.6593;8.9121;Ehningen;Baden-WÃ¼rttemberg;Frei
1154;19450101;1965-12-31;470;48.3416;12.882;Eiberg;Bayern;Frei
1161;19520101;2024-12-31;385;48.8778;11.2349;EichstÃ¤tt-Landershofen;Bayern;Frei
1165;19070101;1985-12-31;480;51.2167;10.3167;Eigenrieden;ThÃ¼ringen;Frei
1169;19770101;1998-12-31;264;47.6288;7.5959;Eimeldingen;Baden-WÃ¼rttemberg;Frei
1172;19480101;1988-12-31;123;51.8189;9.8871;Einbeck;Niedersachsen;Frei
1182;19040101;2000-12-31;146;51.5029;11.5705;Eisleben-Helfta;Sachsen-Anhalt;Frei
1188;19380101;1973-12-31;518;50.7041;10.8576;Elgersburg;ThÃ¼ringen;Frei
1197;19310101;2024-12-31;463;48.9895;10.1312;Ellwangen-Rindelbach;Baden-WÃ¼rttemberg;Frei
1200;19980101;2024-12-31;3;54.0691;9.0105;ElpersbÃ¼ttel;Schleswig-Holstein;Frei
1201;19480101;2000-12-31;85;50.9281;6.5646;Elsdorf/Erftkreis;Nordrhein-Westfalen;Frei
1204;18810101;1965-12-31;1;53.2346;8.4612;Elsfleth;Niedersachsen;Frei
1207;18810101;2024-12-31;558;50.2705;12.2742;Elster, Bad-Sohl;Sachsen;Frei
1214;19880101;2024-12-31;431;48.2012;8.1088;Elzach-Fisnacht;Baden-WÃ¼rttemberg;Frei
1219;18540101;1996-12-31;5;53.3449;7.1909;Emden-Nesserland;Niedersachsen;Frei
1221;19550101;1973-12-31;0;53.3707;7.2236;Emden-Wolthusen;Niedersachsen;Frei
1224;19760101;2024-12-31;201;48.1378;7.8351;Emmendingen-Mundingen;Baden-WÃ¼rttemberg;Frei
1228;20010101;2024-12-31;0;54.1651;6.346;UFS TW Ems;Hamburg;Frei
1229;19470101;1996-12-31;90;50.3324;7.6975;Ems, Bad;Rheinland-Pfalz;Frei
1238;19510101;1995-12-31;144;50.9884;7.425;Engelskirchen;Nordrhein-Westfalen;Frei
1239;19870101;2007-12-31;540;47.8516;8.7673;Engen/Hegau;Baden-WÃ¼rttemberg;Frei
1243;19300101;1984-12-31;705;48.4734;9.3028;Eningen;Baden-WÃ¼rttemberg;Frei
1246;20160101;2024-12-31;104;51.8418;8.0607;Ennigerloh-Ostenfelde;Nordrhein-Westfalen;Frei
1254;19480101;2001-12-31;210;49.1307;8.9165;Eppingen;Baden-WÃ¼rttemberg;Frei
1255;20030101;2024-12-31;226;49.1661;8.8483;Eppingen-Elsenz;Baden-WÃ¼rttemberg;Frei
1262;19930101;2024-12-31;446;48.3477;11.8134;MÃ¼nchen-Flughafen;Bayern;Frei
1266;19580101;2024-12-31;18;54.2992;9.3162;Erfde;Schleswig-Holstein;Frei
1270;18870101;2024-12-31;317;50.9827;10.9613;Erfurt-Weimar;ThÃ¼ringen;Frei
1275;19680101;1980-12-31;340;48.3008;13.1398;Ering;Bayern;Frei
1276;19810101;2002-12-31;408;47.6358;9.5392;Eriskirch-Mariabrunn;Baden-WÃ¼rttemberg;Frei
1279;18810101;2024-12-31;268;49.6497;11.0075;MÃ¶hrendorf-Kleinseebach;Bayern;Frei
1280;19480101;1953-12-31;280;49.5692;10.9929;Erlangen-Bruck;Bayern;Frei
1287;19920101;2005-12-31;198;49.8589;9.2861;Eschau-Hobbach;Bayern;Frei
1292;19480101;2005-12-31;470;49.7522;11.8222;Eschenbach/Oberpfalz;Bayern;Frei
1297;19480101;2024-12-31;156;51.2041;10.0138;Eschwege;Hessen;Frei
1299;19800101;1998-12-31;3;53.6476;7.6085;Esens;Niedersachsen;Frei
1300;19310101;2024-12-31;351;51.254;8.1565;Eslohe;Nordrhein-Westfalen;Frei
1303;18880101;2024-12-31;150;51.4041;6.9677;Essen-Bredeney;Nordrhein-Westfalen;Frei
1327;19370101;2024-12-31;147;50.7119;6.7905;Weilerswist-Lommersum;Nordrhein-Westfalen;Frei
1329;18810101;2003-12-31;50;54.134;10.5865;Eutin;Schleswig-Holstein;Frei
1332;19370101;2024-12-31;471;48.4832;12.7241;Falkenberg,Kr.Rottal-Inn;Bayern;Frei
1339;20140101;2024-12-31;74;52.9157;10.1885;FaÃŸberg;Niedersachsen;Frei
1341;20090101;2010-12-31;0;54.6;11.15;Fehmarnbelt;Schleswig-Holstein;Frei
1345;19480101;1962-12-31;92;53.3346;13.4371;Feldberg;Mecklenburg-Vorpommern;Frei
1346;19210101;2024-12-31;486;47.8748;8.0038;Feldberg/Schwarzwald;Baden-WÃ¼rttemberg;Frei
1347;19810101;1986-12-31;962;47.8555;8.1155;Feldberg-AltglashÃ¼tten;Baden-WÃ¼rttemberg;Frei
1357;19470101;2024-12-31;655;49.9807;11.8376;Fichtelberg/Oberfranken-HÃ¼tts;Bayern;Frei
1358;18910101;2024-12-31;213;50.4283;12.9536;Fichtelberg;Sachsen;Frei
1372;19400101;2001-12-31;757;47.4608;10.2696;Fischen;Bayern;Frei
1374;19500101;1971-12-31;366;50.505;10.1668;Fladungen-Heufurt;Bayern;Frei
1378;19860101;2006-12-31;45;54.8086;9.4182;Flensburg;Schleswig-Holstein;Frei
1379;18660101;1984-12-31;41;54.7737;9.3753;Flensburg (SchÃ¤ferhaus);Schleswig-Holstein;Frei
1380;19410101;1956-12-31;19;54.8147;9.458;Flensburg-MÃ¼rwik;Schleswig-Holstein;Frei
1392;19880101;2006-12-31;621;49.7316;12.3489;FlossenbÃ¼rg;Bayern;Frei
1403;19660101;1979-12-31;260;50.0616;9.455;Frammersbach;Bayern;Frei
1410;19550101;1996-12-31;140;51.3512;11.0958;Frankenhausen, Bad/KyffhÃ¤user;ThÃ¼ringen;Frei
1411;18870101;2024-12-31;747;50.5309;10.0479;Birx/RhÃ¶n;ThÃ¼ringen;Frei
1420;19360101;2024-12-31;100;50.0259;8.5213;Frankfurt/Main;Hessen;Frei
1421;19620101;1983-12-31;125;50.1474;8.6746;Frankfurt/Main (Stadt);Hessen;Frei
1424;19860101;2024-12-31;121;50.1269;8.6694;Frankfurt/Main-Westend;Hessen;Frei
1425;17580101;1960-12-31;103;50.1214;8.6604;Frankfurt/Main (Feldbergstr.);Hessen;Frei
1426;18510101;1984-12-31;67;52.3397;14.508;Frankfurt/Oder;Brandenburg;Frei
1428;19470101;1957-12-31;230;49.2275;8.0585;Frankweiler;Rheinland-Pfalz;Frei
1440;19720101;2003-12-31;476;48.2018;7.9339;Freiamt-Ottoschwanden;Baden-WÃ¼rttemberg;Frei
1441;18810101;1992-12-31;416;50.9263;13.2711;Freiberg;Sachsen;Frei
1443;18690101;2024-12-31;237;48.0232;7.8343;Freiburg;Baden-WÃ¼rttemberg;Frei
1447;19400101;1984-12-31;255;48.013;7.8588;Freiburg im Breisgau-Herdern;Baden-WÃ¼rttemberg;Frei
1451;19710101;2024-12-31;2;53.8277;9.2493;Freiburg/Elbe;Niedersachsen;Frei
1467;18510101;2005-12-31;736;48.4607;8.4141;Freudenstadt-Kurgarten;Baden-WÃ¼rttemberg;Frei
1468;18810101;2024-12-31;797;48.4538;8.409;Freudenstadt;Baden-WÃ¼rttemberg;Frei
1473;20060101;2018-12-31;414;49.1869;11.308;Freystadt-Michelbach;Bayern;Frei
1481;19560101;1998-12-31;928;47.9216;8.2547;Friedenweiler;Baden-WÃ¼rttemberg;
1488;19330101;1972-12-31;523;51.6884;11.0394;Friedrichsbrunn;Sachsen-Anhalt;Frei
1490;18530101;1979-12-31;394;47.6454;9.4795;Friedrichshafen;Baden-WÃ¼rttemberg;Frei
1492;19290101;2003-12-31;852;47.7819;7.7348;Malsburg-Marzell-Friedrichshei;Baden-WÃ¼rttemberg;Frei
1493;19930101;1995-12-31;793;50.4788;11.0159;FriedrichshÃ¶he;ThÃ¼ringen;
1503;19270101;2024-12-31;6;53.0643;7.902;Friesoythe-Altenoythe;Niedersachsen;Frei
1504;20010101;2024-12-31;172;51.119;9.2799;Fritzlar/Eder;Hessen;Frei
1513;19070101;1961-12-31;653;50.6588;8.1027;Fuchskauten;Rheinland-Pfalz;Frei
1522;19220101;1954-12-31;313;49.4811;10.964;FÃ¼rth/Bayern (A);Bayern;Frei
1526;18810101;2024-12-31;245;50.5668;9.6532;Fulda-Horas;Hessen;Frei
1544;18710101;2024-12-31;47;52.5129;11.3942;Gardelegen;Sachsen-Anhalt;Frei
1550;18890101;2024-12-31;719;47.483;11.0621;Garmisch-Partenkirchen;Bayern;Frei
1552;19370101;1995-12-31;13;53.2066;14.3817;Gartz/Oder;Brandenburg;Frei
1568;19590101;1982-12-31;721;50.6605;10.7565;Gehlberg-SchmÃ¼cker Graben;ThÃ¼ringen;Frei
1572;20240101;2024-12-31;80;50.9593;6.0392;Geilenkirchen-Neutevern;Nordrhein-Westfalen;Frei
1580;18850101;2024-12-31;111;49.9859;7.9548;Geisenheim;Hessen;Frei
1583;19470101;1970-12-31;823;50.7719;13.7732;Geisingberg;Sachsen;Frei
1584;20100101;2023-12-31;673;47.9242;8.6474;Geisingen;Baden-WÃ¼rttemberg;Frei
1586;19620101;1967-12-31;610;47.8774;12.6279;Traunstein-GeiÃŸing;Bayern;Frei
1587;19980101;2024-12-31;536;48.9481;11.4289;Gelbelsee;Bayern;Frei
1590;19370101;2024-12-31;37;51.4942;6.2463;Geldern-Walbeck;Nordrhein-Westfalen;Frei
1593;19000101;1973-12-31;190;50.2027;9.1989;Gelnhausen;Hessen;Frei
1602;18880101;2024-12-31;177;48.433;7.993;Ohlsbach;Baden-WÃ¼rttemberg;Frei
1605;19530101;2024-12-31;35;52.3875;12.1602;Genthin;Sachsen-Anhalt;Frei
1612;19520101;2024-12-31;311;50.8812;12.1289;Gera-Leumnitz;ThÃ¼ringen;Frei
1617;19490101;2007-12-31;210;51.7259;11.1317;Gernrode;Sachsen-Anhalt;Frei
1619;19560101;2005-12-31;90;49.7622;8.4887;Gernsheim;Hessen;Frei
1621;19490101;1963-12-31;553;50.2777;9.9144;Geroda-Platz;Bayern;Frei
1623;19970101;2001-12-31;530;50.4477;9.9174;Gersfeld;Hessen;Frei
1638;19360101;1983-12-31;158;50.591;8.6551;GieÃŸen (Lahntal);Hessen;Frei
1639;18810101;2024-12-31;203;50.6017;8.6439;GieÃŸen/Wettenberg;Hessen;Frei
1645;19470101;2024-12-31;327;50.9656;9.05;Gilserberg-Moischeid;Hessen;Frei
1666;19940101;2020-12-31;12;54.8273;9.5058;GlÃ¼cksburg-Meierwik;Schleswig-Holstein;Frei
1667;18800101;2006-12-31;1;53.797;9.4295;GlÃ¼ckstadt;Schleswig-Holstein;Frei
1684;18600101;2024-12-31;239;51.1621;14.9506;GÃ¶rlitz;Sachsen;Frei
1689;19140101;2003-12-31;441;49.7656;11.3062;GÃ¶ÃŸweinstein;Bayern;Frei
1691;18570101;2024-12-31;167;51.5002;9.9507;GÃ¶ttingen;Niedersachsen;Frei
1694;19470101;2024-12-31;59;53.6058;12.1034;Goldberg;Mecklenburg-Vorpommern;Frei
1709;19270101;1990-12-31;360;50.8496;13.9392;Gottleuba, Bad;Sachsen;Frei
1721;19910101;2024-12-31;506;49.664;11.2239;GrÃ¤fenberg-Kasberg;Bayern;Frei
1735;19580101;2024-12-31;628;48.7894;13.629;Grainet-Rehberg;Bayern;Frei
1736;19380101;2024-12-31;26;53.5731;10.6797;Grambek;Schleswig-Holstein;Frei
1748;19210101;2004-12-31;608;50.4788;9.262;Grebenhain-Herchenhain;Hessen;Frei
1757;18980101;2024-12-31;2;54.0967;13.4056;Greifswald;Mecklenburg-Vorpommern;Frei
1758;19400101;1977-12-31;2;54.1;13.45;Greifswald-Wieck;Mecklenburg-Vorpommern;Frei
1759;19480101;2024-12-31;11;54.2437;13.9104;Greifswalder Oie;Mecklenburg-Vorpommern;Frei
1762;18970101;2006-12-31;270;50.6249;12.1777;Greiz-DÃ¶lau;ThÃ¼ringen;Frei
1766;19900101;2024-12-31;48;52.1344;7.6969;MÃ¼nster/OsnabrÃ¼ck;Nordrhein-Westfalen;Frei
1792;20210101;2024-12-31;27;52.7553;7.4815;GroÃŸ BerÃŸen;Niedersachsen;Frei
1803;19500101;2024-12-31;35;54.0714;12.3238;Sanitz-GroÃŸ LÃ¼sewitz;Mecklenburg-Vorpomme;Frei
1818;19090101;1971-12-31;40;52.3667;13.3167;GroÃŸbeeren;Brandenburg;Frei
1832;19830101;2024-12-31;436;49.1129;13.1338;GroÃŸer Arber;Bayern;Frei
1833;19470101;1981-12-31;307;49.0851;13.2801;Grosser Falkenstein;Bayern;Frei
1834;18870101;1977-12-31;913;50.8519;10.4665;Grosser Inselsberg;ThÃ¼ringen;Frei
1844;19590101;1981-12-31;517;47.9411;11.9004;Feldkirchen-Westerham-LenzmÃ¼h;Bayern;Frei
1849;19490101;1960-12-31;408;48.8126;11.5728;GroÃŸmehring-TheiÃŸing;Bayern;Frei
1857;19490101;1957-12-31;195;51.4934;10.6918;GroÃŸwechsungen;ThÃ¼ringen;Frei
1863;19960101;2024-12-31;258;50.2667;9.1854;GrÃ¼ndau-Breitenborn;Hessen;Frei
1869;19730101;2024-12-31;56;53.3154;13.9339;GrÃ¼now;Brandenburg;Frei
1873;19580101;1998-12-31;300;51.7956;10.238;Grund, Bad;Niedersachsen;Frei
1875;19500101;2002-12-31;492;48.9354;9.7364;Gschwend, Kr. Ostalb;Baden-WÃ¼rttemberg;Frei
1886;20170101;2024-12-31;444;48.4878;10.2608;GÃ¼nzburg;Bayern;Frei
1890;18990101;1976-12-31;30;53.7667;12.2167;GÃ¼strow-Schabernack;Mecklenburg-Vorpommer;Frei
1891;18350101;2001-12-31;73;51.877;8.3577;Rheda-WiedenbrÃ¼ck-Lintel;Nordrhein-Westfalen;Frei
1892;20070101;2012-12-31;72;51.9298;8.3005;GÃ¼tersloh (Flugplatz);Nordrhein-Westfalen;Frei
1902;19850101;2000-12-31;413;49.1273;10.7448;Gunzenhausen/AltmÃ¼hlsee;Bayern;
1920;19790101;2007-12-31;100;51.4129;7.4895;Hagen-Fley;Nordrhein-Westfalen;Frei
1929;19470101;2000-12-31;567;51.8597;10.3368;Hahnenklee;Niedersachsen;Frei
1957;18510101;2014-12-31;93;51.5138;11.9499;Halle-KrÃ¶llwitz;Sachsen-Anhalt;Frei
1960;18510101;1966-12-31;102;51.4831;11.9671;Halle (Stadt);Sachsen-Anhalt;Frei
1964;19370101;2024-12-31;328;49.9445;6.3821;Olsdorf;Rheinland-Pfalz;Frei
1972;19120101;1961-12-31;35;53.4793;10.2415;Hamburg-Bergedorf;Hamburg;Frei
1973;19470101;1954-12-31;14;53.5598;9.9874;Hamburg-Botanischer Garten;Hamburg;Frei
1975;19360101;2024-12-31;11;53.6332;9.9881;Hamburg-FuhlsbÃ¼ttel;Hamburg;Frei
1979;19380101;2006-12-31;2;53.4213;10.1462;Hamburg-Kirchwerder;Hamburg;Frei
1981;19580101;2024-12-31;4;53.4776;9.8957;Hamburg-Neuwiedenthal;Hamburg;Frei
1986;19790101;1987-12-31;1;53.4699;10.1804;Hamburg-Reitbrook;Hamburg;Frei
1987;19560101;1999-12-31;47;53.5467;9.9662;Hamburg-Sankt Pauli;Hamburg;Frei
1990;19510101;2006-12-31;18;53.5853;10.1293;Hamburg-Wandsbek;Hamburg;Frei
1993;19280101;2006-12-31;68;52.0848;9.3896;Hameln;Niedersachsen;Frei
2000;19960101;1995-12-31;106;50.1205;8.9243;Hanau;Hessen;Frei
2005;19610101;1994-12-31;108;52.7199;10.5984;HankensbÃ¼ttel;Niedersachsen;Frei
2014;18560101;2024-12-31;55;52.4644;9.6779;Hannover;Niedersachsen;Frei
2023;19990101;2024-12-31;501;48.7918;10.7062;Harburg;Bayern;Frei
2039;19060101;2024-12-31;203;51.9002;10.5699;Harzburg, Bad;Niedersachsen;Frei
2044;18900101;2024-12-31;404;51.652;11.1366;Harzgerode;Sachsen-Anhalt;Frei
2048;19510101;1959-12-31;3;53.6342;9.6038;Haseldorf;Schleswig-Holstein;Frei
2053;19630101;1975-12-31;461;51.6868;10.8631;Hasselfelde;Sachsen-Anhalt;Frei
2069;19160101;1974-12-31;648;48.8629;13.067;Hausstein;Bayern;Frei
2074;18810101;2024-12-31;518;48.3752;8.98;Hechingen;Baden-WÃ¼rttemberg;Frei
2078;19370101;2001-12-31;10;54.2181;9.0853;Weddingstedt;Schleswig-Holstein;Frei
2080;18710101;2011-12-31;110;49.4206;8.6676;Heidelberg;Baden-WÃ¼rttemberg;Frei
2081;18820101;1960-12-31;561;49.3981;8.7251;KÃ¶nigstuhl;Baden-WÃ¼rttemberg;Frei
2083;19470101;1958-12-31;110;49.4192;8.6051;Heidelberg-Grenzhof;Baden-WÃ¼rttemberg;Frei
2088;18510101;2004-12-31;522;48.6849;10.142;Heidenheim/Brenz;Baden-WÃ¼rttemberg;Frei
2092;19340101;1990-12-31;496;50.1691;7.9949;Heidenrod-Mappershain;Hessen;Frei
2095;18720101;2002-12-31;167;49.1448;9.2333;Heilbronn;Baden-WÃ¼rttemberg;Frei
2110;19380101;2023-12-31;57;51.0411;6.1042;Heinsberg-Schleiden;Nordrhein-Westfalen;Frei
2115;18810101;2024-12-31;4;54.175;7.892;Helgoland;Schleswig-Holstein;Frei
2120;18950101;2006-12-31;140;52.2164;11.0219;Helmstedt;Niedersachsen;Frei
2122;19520101;2001-12-31;2;53.9701;9.0095;Helse, Kr. Dithmarschen;Schleswig-Holstein;Frei
2147;18810101;2007-12-31;77;52.1264;8.6865;Herford;Nordrhein-Westfalen;Frei
2151;19390101;1990-12-31;215;51.0048;10.1705;Herleshausen;Hessen;Frei
2158;19150101;2004-12-31;350;48.8042;8.443;Herrenalb, Bad;Baden-WÃ¼rttemberg;Frei
2159;19790101;1984-12-31;434;48.5915;8.8541;Herrenberg;Baden-WÃ¼rttemberg;Frei
2160;19490101;2000-12-31;360;50.8444;10.6904;Herrenhof;ThÃ¼ringen;Frei
2166;19510101;1990-12-31;344;51.0167;14.75;Herrnhut;Sachsen;Frei
2167;19480101;2011-12-31;302;49.7672;7.3356;NiederwÃ¶rresbach;Rheinland-Pfalz;Frei
2171;19310101;2024-12-31;272;50.852;9.7377;Hersfeld, Bad;Hessen;Frei
2173;19760101;2007-12-31;60;51.589;7.1548;Herten;Nordrhein-Westfalen;Frei
2174;18880101;2024-12-31;236;51.6255;10.3695;Herzberg;Niedersachsen;Frei
2201;19320101;2024-12-31;1;54.575;13.1044;Hiddensee-Vitte;Mecklenburg-Vorpommern;Frei
2206;19050101;2007-12-31;117;52.1408;9.8838;Hildesheim;Niedersachsen;Frei
2211;19310101;2024-12-31;295;50.737;7.6525;Hilgenroth;Rheinland-Pfalz;Frei
2221;19800101;1998-12-31;053;47.5408;10.4371;Hindelang-Unterjoch;Bayern;
2223;19600101;2001-12-31;300;50.3674;10.5687;Hindfeld;ThÃ¼ringen;Frei
2225;18810101;1983-12-31;385;50.9167;14.3667;Hinterhermsdorf;Sachsen;Frei
2226;19610101;2001-12-31;668;50.4707;10.9106;Eisfeld-Waffenrod-Hinterrod;ThÃ¼ringen;Frei
2228;19460101;2004-12-31;883;47.8983;8.1055;Hinterzarten;Baden-WÃ¼rttemberg;Frei
2244;18810101;1998-12-31;008;47.7327;8.1627;HÃ¶chenschwand;Baden-WÃ¼rttemberg;Frei
2250;19260101;2005-12-31;403;49.1279;12.8645;HÃ¶llenstein (Kraftwerk);Bayern;Frei
2252;19470101;2024-12-31;271;50.8992;14.7456;Bertsdorf-HÃ¶rnitz;Sachsen;Frei
2260;18890101;2006-12-31;474;50.323;11.9077;Hof (Stadt);Bayern;Frei
2261;19470101;2024-12-31;565;50.3123;11.876;Hof;Bayern;Frei
2264;19370101;2001-12-31;242;51.534;9.4789;Hofgeismar-Beberbeck;Hessen;Frei
2268;19380101;2006-12-31;265;50.1351;10.5156;Hofheim;Bayern;Frei
2289;19540101;1966-12-31;28;52.6667;12.3333;Hohennauen;Brandenburg;Frei
2290;17810101;2024-12-31;977;47.8009;11.0108;HohenpeiÃŸenberg;Bayern;Frei
2297;19730101;1994-12-31;80;54.1195;9.7127;Hohenwestedt;Schleswig-Holstein;Frei
2302;19470101;1992-12-31;317;50.9632;11.4847;Hohlstedt-KÃ¶tschau;ThÃ¼ringen;Frei
2303;19370101;2024-12-31;10;54.3162;9.5385;Hohn;Schleswig-Holstein;Frei
2306;19780101;2024-12-31;8;54.3194;10.6732;Hohwacht;Schleswig-Holstein;Frei
2315;20020101;2024-12-31;78;51.7657;13.1666;Holzdorf-Bernsdorf;Brandenburg;Frei
2318;19990101;1999-12-31;397;50.2182;7.9133;Holzhausen a.d. Haide;Rheinland-Pfalz;Frei
2319;19530101;2024-12-31;685;47.8823;11.6961;Holzkirchen;Bayern;Frei
2323;19350101;2024-12-31;110;51.8529;9.4953;Bevern, Kr. Holzminden;Niedersachsen;Frei
2324;19760101;2007-12-31;440;51.7659;9.5447;Holzminden-Silberborn;Niedersachsen;Frei
2327;19380101;1999-12-31;250;50.7316;9.0032;Homberg/Ohm;Hessen;Frei
2331;19530101;2002-12-31;235;49.3278;7.3533;Homburg/Saar;Saarland;Frei
2344;19430101;1963-12-31;582;50.1511;11.698;Horlachen;Bayern;Frei
2349;19380101;2004-12-31;138;48.6136;8.2033;Hornisgrinde;Baden-WÃ¼rttemberg;Frei
2352;19550101;1970-12-31;712;47.6227;8.0177;Hottingen;Baden-WÃ¼rttemberg;
2354;19480101;1959-12-31;118;51.4379;14.2426;Hoyerswerda Kr. Bautzen;Sachsen;Frei
2360;19270101;1977-12-31;438;48.6018;11.6769;HÃ¼ll;Bayern;Frei
2362;19830101;2024-12-31;331;50.5651;7.4843;HÃ¼mmerich;Rheinland-Pfalz;Frei
2374;18750101;1973-12-31;3;54.4752;9.0564;Husum;Schleswig-Holstein;Frei
2385;20030101;2024-12-31;376;49.6927;7.3263;Idar-Oberstein;Rheinland-Pfalz;Frei
2388;19910101;2003-12-31;193;48.0419;7.6322;Ihringen;Baden-WÃ¼rttemberg;Frei
2393;19240101;1983-12-31;498;50.6805;10.9073;Ilmenau;ThÃ¼ringen;Frei
2396;18870101;1967-12-31;260;51.8667;10.6833;Ilsenburg;Sachsen-Anhalt;Frei
2406;19810101;2001-12-31;209;49.2967;9.652;Ingelfingen;Baden-WÃ¼rttemberg;Frei
2410;20170101;2024-12-31;364;48.7111;11.5363;Ingolstadt-Manching;Bayern;Frei
2417;19590101;1977-12-31;621;48.1644;12.0307;Mittbach;Bayern;Frei
2422;19310101;1977-12-31;230;51.3768;7.7644;Iserlohn-Westig;Nordrhein-Westfalen;Frei
2423;18810101;2003-12-31;712;47.6894;10.0416;Isny;Baden-WÃ¼rttemberg;Frei
2429;20010101;2024-12-31;20;53.9897;9.5697;Itzehoe;Schleswig-Holstein;Frei
2436;19950101;2006-12-31;55;52.0547;13.2344;JÃ¤nickendorf;Brandenburg;
2437;19990101;2023-12-31;21;54.457;9.5203;Schleswig-Jagel;Schleswig-Holstein;Frei
2444;18210101;2024-12-31;155;50.9251;11.583;Jena (Sternwarte);ThÃ¼ringen;Frei
2451;19540101;2000-12-31;77;51.7954;12.9583;Jessen/Elster;Sachsen-Anhalt;Frei
2456;18730101;2003-12-31;7;53.5322;7.8806;Jever;Niedersachsen;Frei
2464;19370101;1989-12-31;1;53.5316;9.6752;Jork;Niedersachsen;Frei
2474;19760101;2008-12-31;91;50.9104;6.4093;JÃ¼lich (Forsch.-Anlage);Nordrhein-Westfalen;Frei
2475;19260101;1982-12-31;75;51.9999;13.101;JÃ¼terbog;Brandenburg;Frei
2477;19710101;2008-12-31;728;47.5938;7.9597;Jungholz (KÃ¼hmoos);Baden-WÃ¼rttemberg;
2480;18960101;2024-12-31;108;50.0643;8.993;Kahl/Main;Bayern;Frei
2483;19270101;2024-12-31;839;51.1803;8.4891;Kahler Asten;Nordrhein-Westfalen;Frei
2485;20120101;2024-12-31;489;48.917;9.6871;Kaisersbach-CronhÃ¼tte;Baden-WÃ¼rttemberg;Frei
2486;18810101;2024-12-31;271;49.4262;7.7557;Kaiserslautern;Rheinland-Pfalz;Frei
2488;18940101;2001-12-31;516;48.7701;10.7876;Kaisheim-Neuhof;Bayern;Frei
2494;20010101;2008-12-31;31;51.7329;6.2688;Kalkar;Nordrhein-Westfalen;Frei
2497;19370101;2024-12-31;505;50.5014;6.5264;Kall-Sistig;Nordrhein-Westfalen;Frei
2502;19470101;1976-12-31;447;51.318;10.1348;Heiligenstadt, Heilbad-Kaltene;ThÃ¼ringen;Frei
2503;19470101;2002-12-31;487;50.6266;10.1455;Kaltennordheim;ThÃ¼ringen;Frei
2506;19230101;1962-12-31;270;51.2667;14.0833;Kamenz;Sachsen;Frei
2521;18960101;1993-12-31;376;48.6725;11.3092;Karlshuld;Bayern;Frei
2522;18510101;2007-12-31;112;49.0382;8.3641;Karlsruhe;Baden-WÃ¼rttemberg;Frei
2532;18800101;2012-12-31;231;51.2963;9.4424;Kassel;Hessen;Frei
2533;18630101;1976-12-31;198;51.334;9.4506;Kassel-Harleshausen;Hessen;Frei
2536;19510101;1992-12-31;283;51.3173;9.4145;Kassel-WilhelmshÃ¶he (A);Hessen;
2542;19400101;2015-12-31;716;47.8652;10.6007;Kaufbeuren;Bayern;Frei
2543;19680101;2008-12-31;585;48.0916;10.8609;Kaufering;Bayern;Frei
2546;19890101;2003-12-31;140;48.5576;7.88;Kehl-Odelshofen;Baden-WÃ¼rttemberg;Frei
2559;18810101;2024-12-31;705;47.7233;10.3348;Kempten;Bayern;Frei
2564;18810101;2024-12-31;28;54.3776;10.1424;Kiel-Holtenau;Schleswig-Holstein;Frei
2565;18800101;1987-12-31;17;54.3378;10.0929;Kiel-Kronshagen;Schleswig-Holstein;Frei
2575;20080101;2024-12-31;432;49.1804;9.98;Kirchberg/Jagst-Herboldshausen;Baden-WÃ¼rttemberg;Frei
2578;18680101;2024-12-31;14;53.9995;11.4341;Kirchdorf/Poel;Mecklenburg-Vorpommern;Frei
2597;18810101;2024-12-31;282;50.224;10.0792;Kissingen, Bad;Bayern;Frei
2600;19410101;2024-12-31;193;49.7363;10.1781;Kitzingen;Bayern;Frei
2601;19050101;2024-12-31;822;50.2218;8.4469;Kleiner Feldberg/Taunus;Hessen;Frei
2609;19750101;1980-12-31;40;53.9587;10.3293;Klein RÃ¶nnau;Schleswig-Holstein;Frei
2618;19580101;2024-12-31;732;50.8458;10.4803;Kleiner Inselsberg;ThÃ¼ringen;Frei
2621;19560101;1969-12-31;42;52.4045;13.2134;Kleinmachnow;Brandenburg;Frei
2627;19970101;2024-12-31;128;51.5554;13.8845;Schipkau-Klettwitz;Brandenburg;Frei
2629;18510101;2024-12-31;46;51.7612;6.0954;Kleve;Nordrhein-Westfalen;Frei
2638;19280101;2024-12-31;974;48.1054;8.7548;Klippeneck;Baden-WÃ¼rttemberg;Frei
2641;19950101;2024-12-31;90;51.5185;12.9065;Klitzschen bei Torgau;Sachsen;Frei
2649;19380101;1960-12-31;310;50.9138;11.8616;Klosterlausnitz, Bad;ThÃ¼ringen;Frei
2654;19280101;1982-12-31;200;49.0265;8.7554;Knittlingen;Baden-WÃ¼rttemberg;Frei
2657;19130101;2007-12-31;85;50.3369;7.5992;Koblenz-Horchheim;Rheinland-Pfalz;Frei
2664;19390101;1982-12-31;143;51.1906;11.2436;KÃ¶lleda;ThÃ¼ringen;Frei
2665;18510101;1984-12-31;45;50.9615;6.9712;KÃ¶ln-Botanischer Garten;Nordrhein-Westfalen;Frei
2667;19580101;2024-12-31;91;50.8645;7.1575;KÃ¶ln/Bonn;Nordrhein-Westfalen;Frei
2680;19480101;2024-12-31;289;50.284;10.4456;KÃ¶nigshofen, Bad;Bayern;Frei
2689;19500101;1960-12-31;40;53.2279;9.6527;KÃ¶nigsmoor;Niedersachsen;Frei
2691;19950101;2008-12-31;378;48.6707;11.2173;KÃ¶nigsmoos-Untermaxfeld;Bayern;Frei
2693;19410101;1988-12-31;380;50.1855;8.4698;KÃ¶nigstein/Taunus;Hessen;Frei
2698;19590101;1986-12-31;90;51.6723;11.7791;KÃ¶nnern;Sachsen-Anhalt;Frei
2700;19470101;2024-12-31;416;48.8302;11.4872;KÃ¶sching;Bayern;Frei
2701;19310101;2006-12-31;136;51.1329;11.7252;KÃ¶sen, Bad;Sachsen-Anhalt;Frei
2703;19980101;1999-12-31;496;51.855;9.3239;KÃ¶terberg;Nordrhein-Westfalen;Frei
2704;19000101;2024-12-31;76;51.7511;12.0094;KÃ¶then (Anhalt);Sachsen-Anhalt;Frei
2708;19920101;2024-12-31;742;47.6652;11.0805;Kohlgrub, Bad (Rosshof);Bayern;Frei
2712;19470101;2024-12-31;428;47.6952;9.1307;Konstanz;Baden-WÃ¼rttemberg;Frei
2713;19470101;1974-12-31;398;47.66;9.1649;Konstanz (StadtgÃ¤rtnerei);Baden-WÃ¼rttemberg;Frei
2717;19900101;2005-12-31;395;51.2662;8.8309;Korbach-Lengefeld;Hessen;Frei
2738;18820101;1995-12-31;776;47.6448;11.7438;Kreuth;Bayern;Frei
2750;19490101;2024-12-31;310;50.2524;11.3209;Kronach;Bayern;Frei
2757;19570101;1983-12-31;238;47.9077;7.702;Krozingen, Bad;Baden-WÃ¼rttemberg;
2760;19100101;1989-12-31;45;52.288;12.0707;KrÃ¼ssau;Sachsen-Anhalt;Frei
2761;19500101;1989-12-31;520;48.251;10.4163;Krumbach-Edenhausen;Bayern;Frei
2770;19740101;1973-12-31;35;53.9015;10.2359;KÃ¼kels;Schleswig-Holstein;Frei
2773;20010101;2024-12-31;416;49.4283;11.9016;KÃ¼mmersbruck;Bayern;Frei
2775;19310101;1979-12-31;225;49.2795;9.6925;KÃ¼nzelsau;Baden-WÃ¼rttemberg;Frei
2780;19600101;1981-12-31;330;50.1003;11.4494;Kulmbach;Bayern;Frei
2783;19670101;1991-12-31;436;48.5126;12.1513;Kumhausen;Bayern;Frei
2790;18810101;1980-12-31;296;49.5592;7.4134;Kusel-FÃ¼nfbirken;Rheinland-Pfalz;Frei
2794;18870101;2024-12-31;40;52.9362;12.4093;Kyritz;Brandenburg;Frei
2796;20010101;2024-12-31;40;53.9156;12.279;Laage-Kronskamp;Mecklenburg-Vorpommern;Frei
2812;19500101;2024-12-31;156;48.3647;7.828;Lahr;Baden-WÃ¼rttemberg;Frei
2814;19490101;2024-12-31;687;48.5122;9.7644;Merklingen;Baden-WÃ¼rttemberg;Frei
2821;19480101;1957-12-31;214;51.9603;10.0157;Lamspringe;Niedersachsen;Frei
2829;20010101;2017-12-31;617;48.0772;10.9144;Landsberg (Flugplatz);Bayern;Frei
2830;19260101;1967-12-31;602;48.0349;10.8709;Landsberg/Lech;Bayern;Frei
2831;18810101;2007-12-31;393;48.5357;12.1132;Landshut;Bayern;Frei
2856;19940101;2024-12-31;92;51.9173;13.0878;Langenlipsdorf;Brandenburg;Frei
2857;18810101;1957-12-31;175;51.1173;10.6568;Langensalza, Bad;ThÃ¼ringen;Frei
2861;19300101;1985-12-31;5;53.7445;7.4775;Langeoog;Niedersachsen;Frei
2872;19460101;1950-12-31;15;52.8457;7.3489;Lathen;Niedersachsen;Frei
2878;19480101;2024-12-31;117;51.3909;11.8786;LauchstÃ¤dt, Bad;Sachsen-Anhalt;Frei
2879;19480101;1985-12-31;199;49.5781;9.7142;Lauda-KÃ¶nigshofen-Gerlachshei;Baden-WÃ¼rttemberg;Frei
2886;20020101;2024-12-31;539;48.2175;9.9097;Laupheim;Baden-WÃ¼rttemberg;Frei
2889;19730101;1990-12-31;300;51.6323;10.4737;Lauterberg, Bad (A);Niedersachsen;Frei
2905;20010101;2024-12-31;550;48.1849;10.8507;Lechfeld;Bayern;Frei
2906;19510101;1974-12-31;5;54.775;8.9808;Leck (A);Schleswig-Holstein;Frei
2907;19750101;2024-12-31;7;54.7903;8.9514;Leck;Schleswig-Holstein;Frei
2912;19510101;1973-12-31;9;54.7419;9.8791;Lehbek;Schleswig-Holstein;Frei
2915;19380101;1961-12-31;640;50.4833;11.45;Lehesten/ThÃ¼ringer Wald;ThÃ¼ringen;Frei
2920;19790101;1996-12-31;365;48.7654;12.5121;Leiblfing;Bayern;Frei
2923;19540101;1969-12-31;663;47.9116;10.6124;Leinau;Bayern;Frei
2925;19570101;2024-12-31;356;51.3932;10.3123;Leinefelde;ThÃ¼ringen;Frei
2928;18510101;2024-12-31;138;51.3151;12.4462;Leipzig-Holzhausen;Sachsen;Frei
2931;19470101;1971-12-31;128;51.392;12.3962;Leipzig-Mockau;Sachsen;Frei
2932;19340101;2024-12-31;131;51.4347;12.2396;Leipzig/Halle;Sachsen;Frei
2947;19630101;2024-12-31;286;51.1333;8.0348;Lennestadt-Theten;Nordrhein-Westfalen;Frei
2949;18510101;2001-12-31;758;48.5396;9.5275;Lenningen-Schopfloch;Baden-WÃ¼rttemberg;Frei
2950;19630101;2006-12-31;14;54.219;10.8844;Lensahn;Schleswig-Holstein;Frei
2951;19950101;2024-12-31;20;53.1007;11.4864;Lenzen/Elbe;Brandenburg;Frei
2953;19460101;2024-12-31;854;47.8597;8.2308;Lenzkirch-RuhbÃ¼hl;Baden-WÃ¼rttemberg;Frei
2961;19980101;2024-12-31;0;54.4996;10.2737;Leuchtturm Kiel;Schleswig-Holstein;Frei
2963;19290101;1978-12-31;92;51.3167;12.0333;Leunawerke;Sachsen-Anhalt;Frei
2968;19030101;2023-12-31;43;50.9894;6.9777;KÃ¶ln-Stammheim;Nordrhein-Westfalen;Frei
2985;19910101;2024-12-31;321;50.9383;14.2094;Lichtenhain-Mittelndorf;Sachsen;Frei
2996;19380101;1960-12-31;352;48.7726;8.7287;Liebenzell, Bad;Baden-WÃ¼rttemberg;Frei
3001;19500101;1989-12-31;284;48.0674;7.677;Liliental;Baden-WÃ¼rttemberg;Frei
3004;19480101;1998-12-31;185;50.4116;8.0605;Limburg/Lahn-Offheim;Hessen;Frei
3007;19220101;1955-12-31;96;49.4111;8.398;Limburgerhof;Rheinland-Pfalz;Frei
3015;19070101;2024-12-31;98;52.2085;14.118;Lindenberg;Brandenburg;Frei
3016;19710101;1987-12-31;760;47.598;9.8878;Lindenberg/AllgÃ¤u;Bayern;Frei
3017;19850101;2009-12-31;341;49.68;8.7823;Lindenfels;Hessen;Frei
3018;19230101;2005-12-31;445;49.7117;8.7804;Lindenfels-Winterkasten;Hessen;Frei
3023;18550101;2016-12-31;22;52.5181;7.3081;Lingen;Niedersachsen;Frei
3028;19510101;2024-12-31;157;51.7854;8.8388;Lippspringe, Bad;Nordrhein-Westfalen;Frei
3031;19810101;2024-12-31;92;51.6336;8.3945;Lippstadt-BÃ¶kenfÃ¶rde;Nordrhein-Westfalen;Frei
3032;19370101;2024-12-31;25;55.011;8.4125;List auf Sylt;Schleswig-Holstein;Frei
3034;19400101;2024-12-31;496;50.4505;11.635;Lobenstein, Bad;ThÃ¼ringen;Frei
3042;19940101;2024-12-31;230;50.5617;8.2386;LÃ¶hnberg-Obershausen;Hessen;Frei
3044;18810101;2017-12-31;22;52.7198;7.7472;LÃ¶ningen;Niedersachsen;Frei
3045;19940101;2006-12-31;27;52.7432;7.8763;LÃ¶ningen-Hagel;Niedersachsen;Frei
3056;19040101;2004-12-31;161;50.0103;9.61;Lohr/Main-Steinbach;Bayern;Frei
3062;19110101;1988-12-31;100;50.0352;7.8197;Lorch/Rhein;Hessen;Frei
3076;18950101;1956-12-31;95;49.4606;8.4246;Ludwigshafen-Mundenheim;Rheinland-Pfalz;Frei
3082;19350101;1974-12-31;56;51.9333;13.8833;LÃ¼bben;Brandenburg;Frei
3083;19920101;2024-12-31;57;51.9267;13.8797;LÃ¼bben-Blumenfelde;Brandenburg;Frei
3085;19500101;1984-12-31;15;53.8773;10.6915;LÃ¼beck;Schleswig-Holstein;Frei
3086;19400101;2024-12-31;15;53.8025;10.6989;LÃ¼beck-Blankensee;Schleswig-Holstein;Frei
3088;18810101;1972-12-31;5;53.8953;10.704;LÃ¼beck-Werft;Schleswig-Holstein;Frei
3093;19550101;2024-12-31;16;52.9724;11.1374;LÃ¼chow;Niedersachsen;Frei
3096;19220101;1995-12-31;444;51.2131;7.6359;LÃ¼denscheid (Zeppelin-Gymnasi;Nordrhein-Westfalen;Frei
3098;19940101;2024-12-31;387;51.2452;7.6425;LÃ¼denscheid;Nordrhein-Westfalen;Frei
3101;19500101;1994-12-31;58;51.7694;7.4128;LÃ¼dinghausen;Nordrhein-Westfalen;Frei
3103;18550101;1997-12-31;11;53.2657;10.424;LÃ¼neburg;Niedersachsen;Frei
3113;19910101;1990-12-31;528;50.7663;10.7201;Luisenthal/Ohra;ThÃ¼ringen;Frei
3126;18340101;2024-12-31;79;52.1029;11.5827;Magdeburg;Sachsen-Anhalt;Frei
3135;19270101;1982-12-31;473;49.0643;9.582;Mainhardt-Ziegelbronn;Baden-WÃ¼rttemberg;Frei
3137;18810101;2024-12-31;199;49.9658;8.2049;Mainz-Lerchenberg (ZDF);Rheinland-Pfalz;Frei
3139;19840101;2004-12-31;509;48.2166;11.2965;Maisach-Gernlinden;Bayern;Frei
3147;19520101;2024-12-31;390;48.7548;12.2118;Mallersdorf-Pfaffenberg-Oberli;Bayern;Frei
3155;19380101;2024-12-31;415;50.1015;6.8009;Manderscheid-Sonnenhof;Rheinland-Pfalz;Frei
3158;19850101;2024-12-31;12;52.5468;14.5453;Manschnow;Brandenburg;Frei
3160;19520101;1980-12-31;240;51.6084;11.4139;Vatterode-GrÃ¤fenstuhl;Sachsen-Anhalt;Frei
3164;18810101;2024-12-31;187;50.8492;8.7745;CÃ¶lbe, Kr. Marburg-Biedenkopf;Hessen;Frei
3166;19560101;2024-12-31;639;50.6511;13.1469;Marienberg;Sachsen;Frei
3167;19630101;2024-12-31;547;50.6621;7.9603;Marienberg, Bad;Rheinland-Pfalz;Frei
3170;19070101;1956-12-31;9;54.4937;11.2411;Marienleuchte;Schleswig-Holstein;Frei
3181;20220101;2024-12-31;360;49.4875;10.6277;Markt Erlbach-Hagenhofen;Bayern;Frei
3196;18810101;2024-12-31;81;53.3221;11.9324;Marnitz;Mecklenburg-Vorpommern;Frei
3204;19840101;2024-12-31;429;50.7335;10.8815;Martinroda;ThÃ¼ringen;Frei
3211;19360101;1956-12-31;012;48.9359;13.5746;Mauth-Finsterau;Bayern;Frei
3212;19600101;2002-12-31;230;50.3249;7.23;Mayen;Rheinland-Pfalz;Frei
3222;19610101;1978-12-31;60;52.3411;9.1403;Meerbeck;Niedersachsen;Frei
3223;18810101;1976-12-31;460;47.6985;9.2753;Meersburg;Baden-WÃ¼rttemberg;Frei
3226;20070101;2024-12-31;107;51.7259;11.5109;Aschersleben-Mehringen;Sachsen-Anhalt;Frei
3227;19330101;1979-12-31;216;51.8936;8.9842;Meinberg, Bad;Nordrhein-Westfalen;Frei
3228;19800101;1995-12-31;506;51.0976;7.667;Meinerzhagen (A);Nordrhein-Westfalen;Frei
3231;18780101;2024-12-31;450;50.5611;10.3771;Meiningen;ThÃ¼ringen;Frei
3234;19570101;2024-12-31;158;51.1294;13.4328;Klipphausen-Garsebach;Sachsen;Frei
3236;19870101;2001-12-31;85;52.2147;8.3833;Melle;Niedersachsen;Frei
3244;19400101;2024-12-31;614;47.9821;10.1384;Memmingen;Bayern;Frei
3246;20020101;2002-12-31;181;50.3667;7.3167;Mendig;Rheinland-Pfalz;Frei
3253;19490101;2006-12-31;882;47.8309;8.0698;Sankt Blasien-Menzenschwand;Baden-WÃ¼rttemberg;Frei
3254;20190101;2024-12-31;19;52.7155;7.3176;Meppen;Niedersachsen;Frei
3257;18810101;2024-12-31;278;49.4797;9.7832;Mergentheim, Bad;Baden-WÃ¼rttemberg;Frei
3265;19470101;1962-12-31;297;49.922;9.2872;Mespelbrunn;Bayern;Frei
3268;20030101;2024-12-31;900;48.1694;8.9433;MeÃŸstetten-Appental;Baden-WÃ¼rttemberg;Frei
3271;18810101;2024-12-31;314;48.8548;12.9189;Metten;Bayern;Frei
3274;19930101;2011-12-31;415;49.507;6.5215;Mettlach-Orscholz (Kurort);Saarland;Frei
3278;19250101;2024-12-31;354;48.5377;9.2734;Metzingen;Baden-WÃ¼rttemberg;Frei
3284;19010101;2024-12-31;240;49.6692;9.0085;Michelstadt;Hessen;Frei
3287;19880101;2024-12-31;453;49.7177;9.0997;Michelstadt-Vielbrunn;Hessen;Frei
3289;19730101;2024-12-31;356;50.7281;11.7838;Schmieritz-Weltwitz;ThÃ¼ringen;Frei
3291;19810101;2003-12-31;129;49.712;9.2258;Miltenberg;Bayern;Frei
3300;19750101;1992-12-31;155;50.2285;9.1064;Mittel-GrÃ¼ndau;Hessen;Frei
3307;18900101;2024-12-31;983;47.4814;11.2649;Mittenwald-Buckelwiesen;Bayern;Frei
3313;19110101;1971-12-31;508;49.7328;8.7771;Modautal-Neunkirchen;Hessen;Frei
3317;19760101;1983-12-31;42;53.6128;10.6943;MÃ¶lln;Schleswig-Holstein;Frei
3319;20070101;2024-12-31;239;49.7644;9.253;RÃ¶llbach;Bayern;Frei
3320;19340101;1952-12-31;49;51.197;6.4499;MÃ¶nchengladbach;Nordrhein-Westfalen;Frei
3321;20240101;2024-12-31;76;51.1313;6.3608;MÃ¶nchengladbach-Hilderath;Nordrhein-Westfalen;Frei
3340;19380101;2021-12-31;265;50.4383;7.8061;Montabaur;Rheinland-Pfalz;Frei
3348;19910101;2024-12-31;241;51.7209;9.8351;Moringen-Lutterbeck;Niedersachsen;Frei
3358;19570101;1979-12-31;147;51.3162;14.7037;MÃ¼cka;Sachsen;Frei
3362;19980101;2024-12-31;243;48.9721;8.8735;MÃ¼hlacker;Baden-WÃ¼rttemberg;Frei
3366;19530101;2024-12-31;406;48.279;12.5024;MÃ¼hldorf;Bayern;Frei
3370;19490101;2003-12-31;300;51.2076;10.3956;MÃ¼hlhausen;ThÃ¼ringen;Frei
3376;19290101;2024-12-31;64;52.5176;14.1232;MÃ¼ncheberg;Brandenburg;Frei
3379;19550101;2024-12-31;515;48.1632;11.5429;MÃ¼nchen-Stadt;Bayern;Frei
3382;18010101;1953-12-31;521;48.1441;11.6;MÃ¼nchen-Bogenhausen;Bayern;Frei
3383;18790101;1954-12-31;515;48.1635;11.5019;MÃ¼nchen-Botanischer Garten;Bayern;Frei
3385;19550101;1998-12-31;515;48.166;11.5011;MÃ¼nchen-Nymphenburg;Bayern;Frei
3388;19950101;1996-12-31;542;48.0919;11.6486;MÃ¼nchen-Perlach;Bayern;Frei
3390;19370101;1991-12-31;529;48.1369;11.7094;MÃ¼nchen-Riem;Bayern;Frei
3402;18810101;2024-12-31;755;48.3851;9.4837;MÃ¼nsingen-Apfelstetten;Baden-WÃ¼rttemberg;Frei
3404;18530101;1991-12-31;62;51.9494;7.5906;MÃ¼nster;Nordrhein-Westfalen;Frei
3419;19630101;1988-12-31;557;50.5852;11.4928;Leutenberg-Steinsdorf;ThÃ¼ringen;Frei
3425;19250101;2003-12-31;344;48.9729;9.5712;Murrhardt;Baden-WÃ¼rttemberg;Frei
3426;19370101;2024-12-31;127;51.566;14.7008;Muskau, Bad;Sachsen;Frei
3442;19010101;2024-12-31;149;50.3574;8.7506;Nauheim, Bad;Hessen;Frei
3478;19270101;2004-12-31;81;53.5468;13.1914;Neubrandenburg;Mecklenburg-Vorpommern;Frei
3484;20020101;2024-12-31;379;48.7085;11.2147;Neuburg an der Donau;Bayern;Frei
3485;19920101;2024-12-31;487;48.3114;10.3773;Neuburg/Kammel-Langenhaslach;Bayern;Frei
3486;19490101;2004-12-31;212;49.2931;9.2722;Neudenau;Baden-WÃ¼rttemberg;Frei
3490;19300101;2024-12-31;111;50.5346;7.0853;Neuenahr, Bad-Ahrweiler;Rheinland-Pfalz;Frei
3509;20050101;2024-12-31;78;53.102;13.0421;Stechlin-Menz;Brandenburg;Frei
3513;18830101;2024-12-31;845;50.5003;11.1345;Neuhaus am Rennweg;ThÃ¼ringen;Frei
3518;19820101;1992-12-31;793;47.976;8.9101;Neuhausen ob Eck;Baden-WÃ¼rttemberg;Frei
3519;19940101;2003-12-31;663;47.9519;8.9932;Neuhausen ob Eck-Unterschwando;Baden-WÃ¼rttemberg;Frei
3527;18910101;2024-12-31;500;50.8923;9.405;Neukirchen-Hauptschwenda;Hessen;Frei
3532;19480101;1975-12-31;4;54.3609;10.6015;Neuland;Schleswig-Holstein;Frei
3537;18560101;2006-12-31;26;54.0873;9.9791;NeumÃ¼nster;Schleswig-Holstein;Frei
3540;19930101;2024-12-31;195;50.8446;7.372;Neunkirchen-Seelscheid-Krawink;Nordrhein-Westfalen;Frei
3541;19630101;1991-12-31;185;50.8956;7.3081;Neunkirchen-Seelscheid-Meisenb;Nordrhein-Westfalen;Frei
3545;19530101;2024-12-31;236;49.344;7.2297;Neunkirchen-Wellesweiler;Saarland;Frei
3552;19400101;2018-12-31;38;52.9037;12.8071;Neuruppin;Brandenburg;Frei
3565;19470101;2001-12-31;315;49.5728;10.6001;Neustadt/Aisch;Bayern;Frei
3571;20090101;2024-12-31;452;49.8174;11.8638;Neustadt am Kulm-Filchendorf;Bayern;Frei
3575;19250101;1982-12-31;163;49.357;8.1405;Neustadt/WeinstraÃŸe;Rheinland-Pfalz;Frei
3576;19760101;2001-12-31;125;49.3478;8.1822;Neustadt/WeinstraÃŸe (Heidehof;Rheinland-Pfalz;Frei
3577;18810101;1975-12-31;64;53.3585;13.0502;Neustrelitz;Mecklenburg-Vorpommern;Frei
3578;19820101;2006-12-31;341;48.9831;12.1444;Regensburg-Burgweinting;Bayern;Frei
3590;19590101;2004-12-31;180;50.2335;8.8923;Nidderau-Windecken;Hessen;Frei
3591;19940101;2024-12-31;350;50.6743;6.424;Nideggen-Schmidt;Nordrhein-Westfalen;Frei
3595;19670101;2002-12-31;250;50.4107;7.808;Niederelbert;Rheinland-Pfalz;Frei
3603;20030101;2024-12-31;459;49.3895;9.9666;Niederstetten;Baden-WÃ¼rttemberg;Frei
3605;19270101;1979-12-31;451;48.5334;10.2427;Niederstotzingen;Baden-WÃ¼rttemberg;Frei
3612;18980101;2024-12-31;25;52.6711;9.2229;Nienburg;Niedersachsen;Frei
3621;19000101;2024-12-31;435;48.8253;10.5067;Reimlingen;Bayern;Frei
3623;20020101;2024-12-31;108;50.8294;6.6601;NÃ¶rvenich-Niederbolheim;Nordrhein-Westfalen;Frei
3631;18590101;2024-12-31;12;53.7123;7.1519;Norderney;Niedersachsen;Frei
3639;20010101;2024-12-31;24;53.7647;8.6584;Nordholz-WanhÃ¶den;Niedersachsen;Frei
3640;19360101;2006-12-31;25;52.4123;7.064;Nordhorn-Blanke;Niedersachsen;Frei
3658;19810101;2004-12-31;303;50.9095;7.5725;NÃ¼mbrecht-Distelkamp;Nordrhein-Westfalen;Frei
3659;19310101;1994-12-31;627;50.3391;6.9501;NÃ¼rburg;Rheinland-Pfalz;Frei
3660;19960101;2024-12-31;485;50.3602;6.8697;NÃ¼rburg-Barweiler;Rheinland-Pfalz;Frei
3666;18810101;1974-12-31;335;49.5008;11.107;NÃ¼rnberg-Buchenbuehl;Bayern;Frei
3667;19750101;2024-12-31;369;49.4258;11.2539;NÃ¼rnberg-Netzstall;Bayern;Frei
3668;18790101;2024-12-31;314;49.503;11.0549;NÃ¼rnberg;Bayern;Frei
3671;19550101;1990-12-31;280;48.6321;9.3261;NÃ¼rtingen;Baden-WÃ¼rttemberg;Frei
3672;19490101;1954-12-31;457;48.6207;8.8962;Nufringen;Baden-WÃ¼rttemberg;Frei
3679;19370101;2024-12-31;518;47.6187;12.1665;Kiefersfelden-Gach;Bayern;Frei
3694;19140101;1980-12-31;810;50.7005;10.7256;Oberhof;ThÃ¼ringen;Frei
3702;19580101;2006-12-31;515;47.878;7.8288;MÃ¼nstertal-ObermÃ¼nstertal;Baden-WÃ¼rttemberg;
3705;19830101;2004-12-31;475;48.3147;8.5735;Oberndorf/Neckar-Aistaig;Baden-WÃ¼rttemberg;Frei
3722;19230101;2005-12-31;484;48.2443;11.5528;OberschleiÃŸheim;Bayern;Frei
3727;19840101;2000-12-31;800;47.5619;10.0313;Oberstaufen-Kalzhofen;Bayern;
3730;18860101;2024-12-31;806;47.3984;10.2759;Oberstdorf;Bayern;Frei
3734;20050101;2024-12-31;232;49.128;9.3525;Obersulm-Willsbach;Baden-WÃ¼rttemberg;Frei
3735;19370101;1958-12-31;455;48.2635;12.276;Obertaufkirchen;Bayern;Frei
3739;19490101;2024-12-31;596;49.4521;12.4365;Oberviechtach;Bayern;Frei
3744;19720101;1974-12-31;125;51.6018;9.5383;Oberweser-Gieselwerder;Hessen;Frei
3751;19890101;1997-12-31;626;48.0449;9.8822;Ochsenhausen-Mittelbuch;Baden-WÃ¼rttemberg;Frei
3752;19600101;1981-12-31;014;50.03;11.8074;Ochsenkopf;Bayern;Frei
3753;19640101;1992-12-31;56;52.2042;7.1784;Ochtrup;Nordrhein-Westfalen;Frei
3756;19640101;1984-12-31;62;52.4386;10.99;Oebisfelde;Sachsen-Anhalt;Frei
3761;19470101;2024-12-31;276;49.207;9.5176;Ã–hringen;Baden-WÃ¼rttemberg;Frei
3776;19030101;1994-12-31;110;50.0946;8.7546;Offenbach/M. (Stadt);Hessen;Frei
3777;19580101;2003-12-31;153;48.4593;7.9255;Offenburg;Baden-WÃ¼rttemberg;Frei
3788;19610101;1985-12-31;305;50.8646;14.7628;Olbersdorf;Sachsen;Frei
3790;18730101;1988-12-31;5;53.1018;8.2516;Oldenburg (A);Niedersachsen;Frei
3791;19900101;2011-12-31;11;53.1763;8.1824;Oldenburg;Niedersachsen;Frei
3811;19420101;2024-12-31;151;51.296;13.0928;Oschatz;Sachsen;Frei
3815;18790101;2009-12-31;95;52.2553;8.0534;OsnabrÃ¼ck;Niedersachsen;Frei
3818;19560101;1966-12-31;29;52.7167;11.7333;Osterburg;Sachsen-Anhalt;Frei
3821;19850101;2024-12-31;244;51.0872;11.9293;Osterfeld;Sachsen-Anhalt;Frei
3825;19610101;1977-12-31;338;49.5033;7.2773;Osterhof;Saarland;Frei
3836;19730101;2024-12-31;314;50.4538;10.2211;Ostheim v.d. RhÃ¶n;Bayern;Frei
3856;19210101;1992-12-31;010;47.6383;10.4313;Oy-Mittelberg;Bayern;Frei
3857;19940101;2024-12-31;886;47.6362;10.3892;Oy-Mittelberg-Petersthal;Bayern;Frei
3867;19370101;1956-12-31;5;53.0657;7.464;Papenburg;Niedersachsen;Frei
3875;19500101;2024-12-31;549;49.151;11.6897;Parsberg/Oberpfalz-Eglwang;Bayern;Frei
3878;18810101;1957-12-31;329;48.5805;13.4152;Passau-Maierhof;Bayern;Frei
3879;19470101;1996-12-31;409;48.5779;13.4694;Passau-Oberhaus;Bayern;Frei
3883;19710101;1997-12-31;442;50.5999;11.9966;Pausa-Unterreichenau;Sachsen;Frei
3897;19980101;2024-12-31;2;54.0893;10.8773;Pelzerhaken;Schleswig-Holstein;Frei
3903;19500101;2003-12-31;175;49.5114;6.3857;Perl-Besch;Saarland;Frei
3904;19650101;2024-12-31;152;49.5354;6.3789;Perl-Nennig;Saarland;Frei
3915;19470101;1954-12-31;142;51.9887;13.3633;Petkus;Brandenburg;Frei
3922;19760101;2000-12-31;438;49.1162;10.8596;Pfofeld-Langlau;Bayern;Frei
3924;18990101;2004-12-31;246;48.9059;8.7412;Pforzheim-Eutingen;Baden-WÃ¼rttemberg;Frei
3925;20060101;2024-12-31;332;48.9329;8.6973;Pforzheim-Ispringen;Baden-WÃ¼rttemberg;Frei
3927;19580101;2024-12-31;630;47.9345;9.2869;Pfullendorf;Baden-WÃ¼rttemberg;Frei
3929;19480101;1984-12-31;100;49.2511;8.4415;Philippsburg;Baden-WÃ¼rttemberg;Frei
3939;19400101;2024-12-31;382;49.1912;7.5879;Pirmasens;Rheinland-Pfalz;Frei
3946;18810101;2024-12-31;387;50.4818;12.13;Plauen;Sachsen;Frei
3955;19500101;1996-12-31;24;54.159;10.402;PlÃ¶n (See);Schleswig-Holstein;Frei
3974;19500101;1992-12-31;368;49.5058;11.5142;Pommelsbrunn;Bayern;Frei
3975;19500101;2024-12-31;522;49.4777;11.5357;Pommelsbrunn-Mittelburg;Bayern;Frei
3987;18930101;2024-12-31;81;52.3812;13.0622;Potsdam;Brandenburg;Frei
3988;18860101;2019-12-31;81;52.3822;13.0622;Potsdam (SÃ¤kularstation);Brandenburg;Frei
4005;19310101;1957-12-31;530;47.8588;12.3624;Prien-Stock;Bayern;Frei
4018;19400101;1982-12-31;550;48.1877;11.2206;Puch;Bayern;Frei
4024;18540101;2024-12-31;40;54.3643;13.4771;Putbus;Mecklenburg-Vorpommern;Frei
4029;19400101;1957-12-31;25;52.6691;7.9544;QuakenbrÃ¼ck;Niedersachsen;Frei
4032;18870101;2024-12-31;142;51.7953;11.132;Quedlinburg;Sachsen-Anhalt;Frei
4036;19540101;2024-12-31;206;51.3895;11.5412;Querfurt-MÃ¼hle Lodersleben;Sachsen-Anhalt;Frei
4038;19470101;1976-12-31;27;53.7276;9.9071;Quickborn (Kurzer Kamp);Schleswig-Holstein;Frei
4039;19750101;2024-12-31;11;53.7331;9.8776;Quickborn;Schleswig-Holstein;Frei
4053;19530101;1996-12-31;407;47.7457;9.0006;Radolfzell-Markelfingen;Baden-WÃ¼rttemberg;Frei
4063;19500101;2024-12-31;41;52.4461;8.5906;Rahden-Kleinendorf;Nordrhein-Westfalen;Frei
4066;19870101;1998-12-31;553;47.9091;11.1048;Raisting;Bayern;Frei
4077;19370101;1938-12-31;114;48.8471;8.1868;Rastatt;Baden-WÃ¼rttemberg;Frei
4079;19390101;2004-12-31;200;51.1765;11.4183;Rastenberg;ThÃ¼ringen;Frei
4091;19630101;1997-12-31;640;47.7327;12.6827;Rauschberg bei Ruhpolding;Bayern;Frei
4094;19190101;2024-12-31;441;47.8062;9.6206;Weingarten, Kr. Ravensburg;Baden-WÃ¼rttemberg;Frei
4100;19540101;1973-12-31;109;51.6243;7.182;Recklinghausen;Nordrhein-Westfalen;Frei
4104;18790101;2024-12-31;365;49.0425;12.1019;Regensburg;Bayern;Frei
4125;18970101;2005-12-31;470;47.7238;12.874;Reichenhall, Bad;Bayern;Frei
4127;19920101;2024-12-31;347;50.9906;7.6958;Reichshof-Eckenhagen;Nordrhein-Westfalen;Frei
4149;18810101;1963-12-31;774;50.5477;13.2239;Marienberg-Reitzenhain;Sachsen;Frei
4152;19710101;1977-12-31;760;47.6783;8.1527;Remetschwiel;Baden-WÃ¼rttemberg;Frei
4154;19170101;2017-12-31;345;51.18;7.2505;Remscheid-Lennep;Nordrhein-Westfalen;Frei
4156;19740101;1997-12-31;8;54.2878;9.6749;Rendsburg;Schleswig-Holstein;Frei
4157;19360101;2002-12-31;315;50.5052;7.4881;Rengsdorf (Kurort);Rheinland-Pfalz;Frei
4160;20050101;2024-12-31;478;48.7425;8.924;Renningen-Ihinger Hof;Baden-WÃ¼rttemberg;Frei
4166;19890101;2002-12-31;360;48.5051;9.1833;Reutlingen-Betzingen;Baden-WÃ¼rttemberg;Frei
4169;19290101;2024-12-31;131;48.6703;7.9939;Rheinau-Memprechtshofen;Baden-WÃ¼rttemberg;Frei
4174;20080101;2016-12-31;40;52.2887;7.3866;Rheine-Bentlage;Nordrhein-Westfalen;Frei
4175;19540101;2024-12-31;283;47.559;7.7721;Rheinfelden;Baden-WÃ¼rttemberg;Frei
4177;19470101;2024-12-31;116;48.9726;8.3301;Rheinstetten;Baden-WÃ¼rttemberg;Frei
4189;20050101;2024-12-31;534;48.1479;9.4596;Altheim, Kreis Biberach;Baden-WÃ¼rttemberg;Frei
4222;19630101;2005-12-31;464;50.5263;12.4091;Rodewisch;Sachsen;Frei
4233;19370101;1952-12-31;397;50.3833;9.5167;RÃ¶hrigshof bei SchlÃ¼chtern;Hessen;Frei
4240;19340101;1991-12-31;440;50.6407;6.2058;Roetgen;Nordrhein-Westfalen;Frei
4249;19480101;1987-12-31;250;51.0681;11.3969;Rohrbach;ThÃ¼ringen;Frei
4261;18810101;2023-12-31;444;47.8819;12.1249;Rosenheim;Bayern;Frei
4270;18810101;1965-12-31;20;54.0826;12.1228;Rostock;Mecklenburg-Vorpommern;Frei
4271;19340101;2024-12-31;5;54.1803;12.0808;Rostock-WarnemÃ¼nde;Mecklenburg-Vorpommer;Frei
4275;19310101;2024-12-31;32;53.1289;9.3398;Rotenburg (WÃ¼mme);Niedersachsen;Frei
4278;19410101;2008-12-31;340;49.2511;11.0934;Roth bei NÃ¼rnberg;Bayern;Frei
4280;20020101;2024-12-31;386;49.2162;11.1035;Roth;Bayern;Frei
4287;19480101;2024-12-31;415;49.3849;10.1732;Rothenburg ob der Tauber;Bayern;Frei
4288;19370101;1974-12-31;96;52.1038;8.1809;Rothenfelde, Bad;Niedersachsen;Frei
4293;19580101;2004-12-31;747;47.6819;11.7714;Rottach-Egern;Bayern;Frei
4294;19800101;2001-12-31;360;48.4704;8.9687;Rottenburg-Kiebingen;Baden-WÃ¼rttemberg;Frei
4300;19110101;2024-12-31;588;48.1815;8.6356;Rottweil;Baden-WÃ¼rttemberg;Frei
4301;19310101;2024-12-31;102;49.8502;7.871;Kreuznach, Bad;Rheinland-Pfalz;Frei
4318;19720101;2006-12-31;692;47.731;12.661;Ruhpolding;Bayern;Frei
4320;19890101;1991-12-31;36;54.0934;10.2223;Ruhwinkel;Schleswig-Holstein;Frei
4323;19690101;2024-12-31;461;49.6468;7.8837;Ruppertsecken;Rheinland-Pfalz;Frei
4327;19540101;1970-12-31;797;48.8765;13.049;Rusel-Irlmoos;Bayern;Frei
4330;19520101;1979-12-31;449;48.8026;8.9557;Rutesheim;Baden-WÃ¼rttemberg;Frei
4332;19480101;1959-12-31;235;50.6563;11.3894;Saalfeld;ThÃ¼ringen;Frei
4333;19370101;1960-12-31;258;50.8582;11.9789;Saara-GroÃŸsaara;ThÃ¼ringen;Frei
4336;19500101;2024-12-31;319;49.2128;7.1077;SaarbrÃ¼cken-Ensheim;Saarland;Frei
4339;19430101;2000-12-31;193;49.2231;7.0168;SaarbrÃ¼cken-Sankt Johann;Saarland;Frei
4343;19790101;1996-12-31;180;49.3256;6.7354;Saarlouis;Saarland;
4347;19310101;1999-12-31;293;51.5909;10.5691;Sachsa, Bad;Niedersachsen;Frei
4349;19880101;2024-12-31;251;48.9569;9.0711;Sachsenheim;Baden-WÃ¼rttemberg;Frei
4350;19660101;2008-12-31;339;47.5619;7.9399;SÃ¤ckingen, Bad (Bergseestr.);Baden-WÃ¼rttemberg;
4354;19860101;2024-12-31;457;48.7832;13.3146;Saldenburg-Entschenreuth;Bayern;Frei
4364;19470101;1999-12-31;138;52.0355;10.3054;Salzgitter-Ringelheim;Niedersachsen;Frei
4367;19930101;2006-12-31;175;52.0781;9.552;Salzhemmendorf-Lauenstein;Niedersachsen;Frei
4371;19310101;2024-12-31;135;52.1042;8.7521;Salzuflen, Bad;Nordrhein-Westfalen;Frei
4373;19370101;1971-12-31;29;52.8568;11.1319;Salzwedel;Sachsen-Anhalt;Frei
4377;19650101;2024-12-31;518;50.3518;10.0034;Sandberg;Bayern;Frei
4386;19030101;2006-12-31;795;47.761;8.1247;Sankt Blasien;Baden-WÃ¼rttemberg;Frei
4390;19630101;2004-12-31;896;48.0091;8.0966;Sankt MÃ¤rgen;Baden-WÃ¼rttemberg;
4391;19520101;1968-12-31;3;53.9878;9.1125;Sankt Michaelisdonn;Schleswig-Holstein;Frei
4393;19380101;2024-12-31;5;54.3279;8.6031;Sankt Peter-Ording;Schleswig-Holstein;Frei
4396;19500101;1960-12-31;400;49.4672;7.2036;Sankt Wendel-Hof;Saarland;Frei
4397;19790101;2005-12-31;400;49.5025;7.202;Sankt Wendel-Urweiler;Saarland;Frei
4401;19500101;1979-12-31;81;51.6334;8.1872;Sassendorf, Bad-Ostinghausen;Nordrhein-Westfalen;Frei
4411;19800101;2024-12-31;155;49.9195;8.9672;Schaafheim-Schlierbach;Hessen;Frei
4419;19470101;2004-12-31;212;47.9556;7.7133;Schallstadt-Mengen;Baden-WÃ¼rttemberg;Frei
4425;19480101;1965-12-31;569;49.4864;7.029;Schaumberg-Tholey;Saarland;Frei
4429;19170101;1993-12-31;778;47.588;9.85;Scheidegg;Bayern;Frei
4433;19870101;2004-12-31;519;48.1994;9.77;Schemmerhofen-Ingerkingen;Baden-WÃ¼rttemberg;Frei
4436;19470101;1951-12-31;314;50.8166;9.846;Schenklengsfeld;Hessen;Frei
4438;19930101;2006-12-31;317;49.975;11.0395;ScheÃŸlitz;Bayern;Frei
4442;19810101;2007-12-31;155;51.9119;9.1533;Schieder;Nordrhein-Westfalen;Frei
4445;19030101;2024-12-31;613;51.7658;10.6533;Wernigerode-Schierke;Sachsen-Anhalt;Frei
4464;19370101;2024-12-31;501;50.5679;11.8041;Schleiz;ThÃ¼ringen;Frei
4466;19470101;2024-12-31;43;54.5275;9.5487;Schleswig;Schleswig-Holstein;Frei
4468;18810101;1972-12-31;19;54.5227;9.5649;Schleswig-Stadtfeld;Schleswig-Holstein;Frei
4469;19390101;1979-12-31;399;50.5071;10.762;Schleusingen;ThÃ¼ringen;Frei
4471;19370101;1984-12-31;780;47.7358;11.8505;Schliersee (A);Bayern;Frei
4474;19140101;1973-12-31;170;49.7961;7.7583;SchlossbÃ¶ckelheim;Rheinland-Pfalz;Frei
4477;19550101;2004-12-31;993;47.8208;8.186;Schluchsee;Baden-WÃ¼rttemberg;Frei
4479;19370101;1984-12-31;375;50.3849;9.5358;SchlÃ¼chtern-Kloster Gomfritz;Hessen;Frei
4480;19520101;2024-12-31;232;50.3447;9.5533;SchlÃ¼chtern-Herolz;Hessen;Frei
4484;19590101;1970-12-31;45;53.6615;10.2543;Schmalenbeck;Schleswig-Holstein;Frei
4485;20060101;2016-12-31;296;50.725;10.4539;Schmalkalden, Kurort;ThÃ¼ringen;Frei
4489;18980101;1962-12-31;198;51.8833;10.7667;Schmatzfeld;Sachsen-Anhalt;Frei
4490;19660101;2002-12-31;223;49.4149;6.836;Schmelz-HÃ¼ttersdorf;Saarland;Frei
4496;19550101;1974-12-31;95;51.6826;12.7348;Schmiedeberg, Bad;Sachsen-Anhalt;Frei
4501;18870101;2024-12-31;938;50.6545;10.7696;SchmÃ¼cke;ThÃ¼ringen;Frei
4505;18810101;1986-12-31;650;50.4988;12.4534;Schnarrtanne-VogelsgrÃ¼n;Sachsen;Frei
4508;18890101;2024-12-31;653;50.2968;6.4194;Schneifelforsthaus;Rheinland-Pfalz;Frei
4517;19000101;2004-12-31;635;48.7859;8.6451;SchÃ¶mberg, Kr. Calw;Baden-WÃ¼rttemberg;Frei
4548;20080101;2024-12-31;608;50.1847;12.0791;SchÃ¶nwald/Ofr.-Brunn;Bayern;Frei
4549;19780101;2009-12-31;021;48.1002;8.1969;SchÃ¶nwald/Schwarzwald;Baden-WÃ¼rttemberg;Frei
4556;19730101;1999-12-31;904;48.1402;8.1991;Schonach;Baden-WÃ¼rttemberg;
4557;18810101;2001-12-31;399;47.6464;7.844;Schopfheim-Eichen;Baden-WÃ¼rttemberg;Frei
4559;19970101;2024-12-31;398;49.1644;12.6175;Schorndorf-KnÃ¶bling;Bayern;Frei
4560;19010101;2021-12-31;265;50.4925;9.1226;Schotten;Hessen;Frei
4571;19700101;1996-12-31;504;51.8369;10.4312;Schulenberg;Niedersachsen;Frei
4576;19780101;1980-12-31;343;49.3261;11.012;Schwabach (A);Bayern;Frei
4581;19500101;2001-12-31;415;48.7768;9.8025;SchwÃ¤bisch GmÃ¼nd-Strassdorf;Baden-WÃ¼rttemberg;Fre
4582;19400101;2000-12-31;358;49.0823;9.6892;SchwÃ¤bisch Hall-Bibersfeld;Baden-WÃ¼rttemberg;Frei
4584;19710101;1978-12-31;444;48.3667;11.8;Schwaigermoos;Bayern;Frei
4586;18790101;1997-12-31;320;50.1394;8.0627;Schwalbach, Bad;Hessen;Frei
4592;19490101;2024-12-31;356;49.3278;12.0871;Schwandorf;Bayern;Frei
4593;19960101;1998-12-31;117;51.9639;11.1208;Schwanebeck;Sachsen-Anhalt;Frei
4597;19310101;2010-12-31;792;47.5769;10.7181;Schwangau-Horn;Bayern;Frei
4605;19500101;2024-12-31;277;50.6441;11.1936;Schwarzburg;ThÃ¼ringen;Frei
4606;19600101;1980-12-31;116;51.5167;14.35;Schwarze Pumpe;Brandenburg;Frei
4612;19230101;1964-12-31;418;50.5513;12.7678;Schwarzenberg;Sachsen;Frei
4621;19400101;2003-12-31;240;50.0575;10.216;Schweinfurt-Gartenstadt;Bayern;Frei
4625;18880101;2024-12-31;59;53.6424;11.3871;Schwerin;Mecklenburg-Vorpommern;Frei
4629;19750101;1998-12-31;37;54.5166;9.142;Schwesing;Schleswig-Holstein;Frei
4642;19770101;2024-12-31;22;52.8911;11.7297;Seehausen;Sachsen-Anhalt;Frei
4649;19370101;1955-12-31;214;50.8698;7.3228;Seelscheid;Nordrhein-Westfalen;Frei
4651;19060101;2024-12-31;189;51.904;10.1885;Seesen;Niedersachsen;Frei
4656;18810101;1972-12-31;49;53.9278;10.2993;Segeberg, Bad;Schleswig-Holstein;Frei
4664;19220101;1999-12-31;611;50.1969;12.1727;Selb/Oberfranken-Wildenau;Bayern;Frei
4692;18950101;2017-12-31;229;50.8534;7.9966;Siegen (KlÃ¤ranlage);Nordrhein-Westfalen;Frei
4703;18880101;2024-12-31;581;48.0719;9.1943;Sigmaringen-Laiz;Baden-WÃ¼rttemberg;Frei
4704;19890101;2024-12-31;508;47.5776;9.7404;Sigmarszell-Zeisertsweiler;Bayern;Frei
4705;19470101;1952-12-31;819;49.7595;12.3891;SilberhÃ¼tte;Bayern;Frei
4706;19810101;2024-12-31;358;48.2718;13.0273;Simbach/Inn;Bayern;Frei
4709;19800101;2024-12-31;445;49.9996;7.5981;Simmern-Wahlbach;Rheinland-Pfalz;Frei
4719;19980101;2006-12-31;169;49.2447;8.8787;Sinsheim;Baden-WÃ¼rttemberg;Frei
4729;19900101;2003-12-31;342;50.2882;9.4583;Steinau-Seidenroth;Hessen;Frei
4741;19070101;2002-12-31;152;51.14;7.093;Solingen-Hohenscheid;Nordrhein-Westfalen;Frei
4745;19270101;2024-12-31;75;52.9604;9.793;Soltau;Niedersachsen;Frei
4748;18610101;2024-12-31;185;51.3691;10.88;Sondershausen;ThÃ¼ringen;Frei
4752;19390101;2007-12-31;626;50.3746;11.1828;Sonneberg-Neufang;ThÃ¼ringen;Frei
4763;19380101;2024-12-31;265;51.0607;9.9266;Sontra;Hessen;Frei
4765;19400101;1980-12-31;199;51.28;9.9847;Sooden-Allendorf, Bad;Hessen;Frei
4775;19490101;1965-12-31;424;49.7858;11.8211;Speinshart;Bayern;Frei
4782;19660101;1991-12-31;87;51.604;12.1093;SpÃ¶ren-Prussendorf;Sachsen-Anhalt;Frei
4806;18830101;1983-12-31;370;50.7832;11.088;Stadtilm;ThÃ¼ringen;Frei
4813;20210101;2024-12-31;318;50.0806;11.0467;Staffelstein, Bad-Stublang;Bayern;Frei
4818;19650101;2000-12-31;597;50.1531;11.7402;Stammbach-Querenbach;Bayern;Frei
4837;19860101;1989-12-31;363;47.9869;7.9466;Stegen;Baden-WÃ¼rttemberg;Frei
4841;19990101;2024-12-31;-0;53.6946;8.8735;Steinau, Kr. Cuxhaven;Niedersachsen;Frei
4847;19560101;1975-12-31;500;51.3629;9.6902;Steinberg;Niedersachsen;Frei
4857;19910101;2024-12-31;2;53.5534;9.6097;Mittelnkirchen-Hohenfelde;Niedersachsen;Frei
4878;19060101;2024-12-31;504;51.6646;10.8811;Oberharz am Brocken-Stiege;Sachsen-Anhalt;Frei
4881;19780101;1993-12-31;533;47.8591;9.0152;Stockach;Baden-WÃ¼rttemberg;Frei
4887;19470101;2024-12-31;734;48.6656;9.8648;StÃ¶tten;Baden-WÃ¼rttemberg;Frei
4896;19750101;2021-12-31;40;54.6654;9.805;Wagersrott;Schleswig-Holstein;Frei
4911;18830101;2024-12-31;351;48.8275;12.5597;Straubing;Bayern;Frei
4926;19460101;2012-12-31;224;48.7896;9.2167;Stuttgart (Neckartal);Baden-WÃ¼rttemberg;Frei
4927;17920101;1983-12-31;286;48.7693;9.1814;Stuttgart-Stadt;Baden-WÃ¼rttemberg;Frei
4928;19580101;2024-12-31;314;48.8281;9.2;Stuttgart (Schnarrenberg);Baden-WÃ¼rttemberg;Frei
4931;19410101;2024-12-31;371;48.6883;9.2235;Stuttgart-Echterdingen;Baden-WÃ¼rttemberg;Frei
4933;18810101;1976-12-31;401;48.7091;9.2147;Stuttgart-Hohenheim;Baden-WÃ¼rttemberg;Frei
4939;19470101;1958-12-31;235;51.7333;11.1167;Suderode, Bad;Sachsen-Anhalt;Frei
4945;19320101;1982-12-31;314;51.6;10.6833;SÃ¼lzhayn;ThÃ¼ringen;Frei
4963;19590101;1987-12-31;175;51.4667;10.8;Sundhausen;ThÃ¼ringen;Frei
4966;19140101;1957-12-31;415;50.8696;10.5106;Tabarz/ThÃ¼ringer Wald;ThÃ¼ringen;Frei
4977;19930101;2001-12-31;45;52.5447;11.9724;TangermÃ¼nde;Sachsen-Anhalt;Frei
4978;19860101;2024-12-31;395;50.639;10.0228;Tann/RhÃ¶n;Hessen;Frei
4987;19870101;2003-12-31;179;49.6122;9.6747;Tauberbischofsheim-Dittigheim;Baden-WÃ¼rttemberg;Frei
4996;18940101;1998-12-31;837;47.7099;11.7639;Tegernsee;Bayern;Frei
4997;19950101;2024-12-31;196;50.9771;12.3419;Starkenberg-Tegkwitz;ThÃ¼ringen;Frei
5009;19470101;2024-12-31;37;53.761;12.5574;Teterow;Mecklenburg-Vorpommern;Frei
5014;19520101;2024-12-31;7;53.2758;8.9857;Worpswede-HÃ¼ttenbusch;Niedersachsen;Frei
5017;19480101;2024-12-31;633;50.4002;11.3888;Teuschnitz;Bayern;Frei
5029;19760101;2024-12-31;387;49.4737;7.0385;Tholey;Saarland;Frei
5032;19870101;2003-12-31;197;49.885;9.8469;ThÃ¼ngersheim;Bayern;Frei
5039;19690101;1998-12-31;236;50.843;10.1613;Tiefenort;ThÃ¼ringen;Frei
5046;19670101;2024-12-31;501;49.8576;12.3542;Tirschenreuth-LodermÃ¼hl;Bayern;Frei
5047;19450101;1995-12-31;870;47.9394;8.1933;Titisee-Neustadt-Langenordnach;Baden-WÃ¼rttemberg;Frei
5049;19570101;2004-12-31;846;47.8991;8.146;Titisee-Neustadt-Titisee;Baden-WÃ¼rttemberg;Frei
5059;19830101;2002-12-31;781;47.7279;7.9988;Todtmoos;Baden-WÃ¼rttemberg;Frei
5063;19250101;2006-12-31;724;47.7566;11.5819;TÃ¶lz, Bad;Bayern;Frei
5064;20050101;2024-12-31;37;51.2897;6.4437;TÃ¶nisvorst;Nordrhein-Westfalen;Frei
5067;19310101;1965-12-31;491;51.7643;9.5628;Torfhaus im Solling;Niedersachsen;Frei
5068;18510101;1990-12-31;80;51.5833;13.0;Torgau;Sachsen;Frei
5074;18810101;1960-12-31;626;47.8663;12.6566;Traunstein-Sparz;Bayern;Frei
5075;19720101;2003-12-31;635;47.8516;12.6182;Traunstein-Axdorf;Bayern;Frei
5078;19400101;2000-12-31;2;53.9619;10.8892;TravemÃ¼nde;Schleswig-Holstein;Frei
5088;19910101;2000-12-31;3;54.5337;13.246;Trent;Mecklenburg-Vorpommern;Frei
5094;19070101;2001-12-31;683;48.1316;8.2283;Triberg;Baden-WÃ¼rttemberg;Frei
5095;19760101;1987-12-31;700;48.1288;8.233;Triberg (Kurpark);Baden-WÃ¼rttemberg;
5097;19490101;2024-12-31;10;54.0654;12.7655;Tribsees;Mecklenburg-Vorpommern;Frei
5099;17880101;2024-12-31;132;49.7326;6.6131;Trier-Zewen;Rheinland-Pfalz;Frei
5100;19310101;2024-12-31;261;49.7479;6.6583;Trier-Petrisberg;Rheinland-Pfalz;Frei
5105;19270101;1972-12-31;700;48.3132;9.2472;Trochtelfingen;Baden-WÃ¼rttemberg;Frei
5107;19890101;2003-12-31;769;48.2814;9.3137;Trochtelfingen-Wilsingen;Baden-WÃ¼rttemberg;Frei
5109;20010101;2024-12-31;68;53.5998;13.3039;Trollenhagen;Mecklenburg-Vorpommern;Frei
5111;19150101;2024-12-31;560;48.0311;12.5396;Trostberg;Bayern;Frei
5120;19500101;1981-12-31;370;48.5198;9.0515;TÃ¼bingen;Baden-WÃ¼rttemberg;Frei
5127;19920101;2003-12-31;649;48.0083;8.8179;Tuttlingen;Baden-WÃ¼rttemberg;Frei
5128;19820101;1990-12-31;668;47.9682;8.7899;Tuttlingen-MÃ¶hringen-Vorstadt;Baden-WÃ¼rttemberg;Frei
5133;19990101;2024-12-31;287;51.3344;8.9132;Twistetal-MÃ¼hlhausen;Hessen;Frei
5138;19460101;2003-12-31;446;47.7713;9.1562;Ãœberlingen/Bodensee;Baden-WÃ¼rttemberg;Frei
5142;19370101;2024-12-31;1;53.7445;14.0698;UeckermÃ¼nde;Mecklenburg-Vorpommer;Frei
5146;18880101;2024-12-31;50;52.9414;10.5289;Uelzen;Niedersachsen;Frei
5149;19370101;2024-12-31;318;49.5679;10.1969;Gollhofen;Bayern;Frei
5155;18810101;2013-12-31;567;48.3837;9.9524;Ulm;Baden-WÃ¼rttemberg;Frei
5158;19880101;2024-12-31;159;52.1601;11.1759;Ummendorf;Sachsen-Anhalt;Frei
5165;19350101;2006-12-31;95;52.8499;10.2898;UnterlÃ¼ÃŸ;Niedersachsen;Frei
5185;19720101;2006-12-31;291;49.5933;11.0704;Uttenreuth;Bayern;Frei
5229;18810101;2024-12-31;719;48.0453;8.4608;Villingen-Schwenningen;Baden-WÃ¼rttemberg;Frei
5236;19500101;1979-12-31;51;52.8318;8.3112;Visbek;Niedersachsen;Frei
5244;19590101;1981-12-31;220;49.2581;6.8612;VÃ¶lklingen-Stadt;Saarland;Frei
5245;19780101;1998-12-31;187;49.2495;6.8804;VÃ¶lklingen (Kraftwerk-Fenne);Saarland;
5250;19080101;2003-12-31;223;48.0908;7.6353;Vogtsburg-Oberrotweil;Baden-WÃ¼rttemberg;Frei
5252;19470101;1957-12-31;100;52.103;9.5845;Voldagsen;Niedersachsen;Frei
5267;19640101;1975-12-31;86;52.0722;11.0222;Wackersleben;Sachsen-Anhalt;Frei
5275;19860101;2024-12-31;105;49.2445;8.5374;WaghÃ¤usel-Kirrlach;Baden-WÃ¼rttemberg;Frei
5277;19980101;2008-12-31;349;50.8119;9.128;Wahlen;Hessen;Frei
5279;19490101;2024-12-31;167;51.6194;9.5749;Wesertal-Lippoldsberg;Hessen;Frei
5280;19820101;2024-12-31;33;53.9224;10.2267;Wittenborn;Schleswig-Holstein;Frei
5282;19170101;1973-12-31;246;51.1197;13.6744;Wahnsdorf bei Dresden;Sachsen;Frei
5284;19780101;1991-12-31;224;48.8279;9.3228;Waiblingen;Baden-WÃ¼rttemberg;Frei
5289;19830101;2007-12-31;595;48.4918;8.5612;Waldachtal-LÃ¼tzenhardt;Baden-WÃ¼rttemberg;Frei
5291;19480101;1961-12-31;005;47.976;8.1558;Waldau-Jostal;Baden-WÃ¼rttemberg;Frei
5296;19360101;1988-12-31;376;51.207;9.0658;Waldeck;Hessen;Frei
5300;19300101;2024-12-31;380;50.2596;8.3607;Waldems-Reinborn;Hessen;Frei
5306;19720101;2003-12-31;940;48.9293;13.4641;WaldhÃ¤user (National Park);Bayern;Frei
5317;19490101;1957-12-31;509;50.0097;12.2979;Waldsassen;Bayern;Frei
5320;19380101;1990-12-31;330;47.6172;8.2388;Waldshut;Baden-WÃ¼rttemberg;Frei
5335;18820101;2024-12-31;352;50.8963;10.5483;Waltershausen;ThÃ¼ringen;Frei
5344;19420101;2006-12-31;2;53.7865;7.9096;Wangerooge;Niedersachsen;Frei
5347;19980101;2024-12-31;236;51.5039;9.1118;Warburg;Nordrhein-Westfalen;Frei
5349;18900101;2024-12-31;73;53.5196;12.6654;Waren (MÃ¼ritz);Mecklenburg-Vorpommer;Frei
5361;19110101;2005-12-31;270;50.6271;9.442;Wartenberg-Angersbach;Hessen;Frei
5369;19480101;1993-12-31;443;48.0572;12.2202;Wasserburg;Bayern;Frei
5371;19240101;2024-12-31;920;50.4973;9.9427;Wasserkuppe;Hessen;Frei
5377;19480101;1952-12-31;923;47.5714;12.9337;Watzmannhaus;Bayern;Frei
5397;18810101;2024-12-31;440;49.6662;12.1844;Weiden;Bayern;Frei
5398;19190101;1970-12-31;425;49.1965;10.6487;Weidenbach, Kr.Ansbach;Bayern;Frei
5403;19920101;2004-12-31;309;49.59;10.2588;Weigenheim-Reusch;Bayern;Frei
5404;18850101;2024-12-31;477;48.4024;11.6946;Weihenstephan-DÃ¼rnast;Bayern;Frei
5410;18870101;1992-12-31;135;50.4732;8.2594;Weilburg (KlÃ¤ranlage);Hessen;Frei
5419;18820101;2006-12-31;264;50.9751;11.3076;Weimar;ThÃ¼ringen;Frei
5424;19500101;2024-12-31;328;51.0177;11.3544;Weimar-SchÃ¶ndorf;ThÃ¼ringen;Frei
5426;19530101;2024-12-31;553;49.3758;8.1212;Weinbiet;Rheinland-Pfalz;Frei
5429;19010101;1983-12-31;219;49.1512;9.292;Weinsberg;Baden-WÃ¼rttemberg;Frei
5431;19470101;1975-12-31;24;53.0333;11.8;Weisen bei Wittenberge;Sachsen-Anhalt;Frei
5433;19570101;2024-12-31;383;49.5534;6.812;Weiskirchen/Saar;Saarland;Frei
5434;19410101;1991-12-31;317;50.0858;11.2364;Weismain;Bayern;Frei
5440;18790101;2024-12-31;439;49.0115;10.9308;WeiÃŸenburg-Emetzheim;Bayern;Frei
5442;18950101;2005-12-31;109;51.2002;11.9154;WeiÃŸenfels;Sachsen-Anhalt;Frei
5445;19840101;2007-12-31;165;51.212;10.9956;WeiÃŸensee-Ottenhausen;ThÃ¼ringen;Frei
5453;19930101;2003-12-31;174;48.188;7.6976;Weisweil-Waldeckhof;Baden-WÃ¼rttemberg;Frei
5460;19790101;1983-12-31;655;48.1477;8.6954;Wellendingen;Baden-WÃ¼rttemberg;Frei
5463;19950101;1999-12-31;58;52.0654;14.6898;Wellmitz;Brandenburg;Frei
5467;18840101;2011-12-31;832;47.7035;12.0119;Wendelstein;Bayern;Frei
5480;19400101;2024-12-31;85;51.5763;7.8879;Werl;Nordrhein-Westfalen;Frei
5488;19490101;1985-12-31;216;49.9622;10.0482;MÃ¼hlhausen, Kr. Schweinfurt;Bayern;Frei
5490;19470101;2024-12-31;233;51.8454;10.7686;Wernigerode;Sachsen-Anhalt;Frei
5498;18760101;2003-12-31;140;49.7667;9.5428;Wertheim-Eichel;Baden-WÃ¼rttemberg;Frei
5514;18720101;1961-12-31;3;54.899;8.3117;Westerland;Schleswig-Holstein;Frei
5516;19310101;2024-12-31;3;54.5283;11.0606;Fehmarn;Schleswig-Holstein;Frei
5533;19910101;2003-12-31;351;51.617;10.5843;Wieda;Niedersachsen;
5538;19200101;2024-12-31;551;47.8827;11.1576;Wielenbach (Demollstr.);Bayern;Frei
5541;19880101;2024-12-31;263;50.1321;8.3169;Wiesbaden-Auringen;Hessen;Frei
5543;19460101;1985-12-31;235;50.0863;8.1872;Wiesbaden-Dotzheim;Hessen;Frei
5546;19680101;2024-12-31;187;52.1206;12.4586;Wiesenburg;Brandenburg;Frei
5559;18960101;2000-12-31;383;48.7848;8.5764;Wildbad, Bad-Calmbach;Baden-WÃ¼rttemberg;Frei
5560;18960101;2002-12-31;740;48.7501;8.5365;Wildbad, Bad-Sommerberg;Baden-WÃ¼rttemberg;Frei
5562;19960101;2024-12-31;571;48.6516;8.6801;Neubulach-Oberhaugstett;Baden-WÃ¼rttemberg;Frei
5568;19330101;2000-12-31;310;51.1056;9.1081;Wildungen, Bad;Hessen;Frei
5575;18810101;1997-12-31;1;53.5901;8.106;Wilhelmshaven;Niedersachsen;Frei
5582;19400101;2005-12-31;580;51.294;8.6026;Willingen/Upland;Hessen;Frei
5583;19840101;2005-12-31;594;51.2818;8.6673;Willingen/Upland-Usseln;Hessen;Frei
5609;19950101;2001-12-31;241;48.8031;9.4699;Winterbach, Rems-Murr-Kreis;Baden-WÃ¼rttemberg;Frei
5610;19580101;2008-12-31;733;51.1872;8.5079;Winterberg;Nordrhein-Westfalen;Frei
5624;19470101;1954-12-31;16;53.9026;11.4254;Wismar;Mecklenburg-Vorpommern;Frei
5629;19370101;2024-12-31;105;51.8891;12.6446;Wittenberg;Sachsen-Anhalt;Frei
5640;20020101;2024-12-31;7;53.5444;7.6625;Wittmundhafen;Niedersachsen;Frei
5643;19370101;2024-12-31;68;53.1864;12.4949;Wittstock-Rote MÃ¼hle;Brandenburg;Frei
5644;19000101;1998-12-31;133;51.3493;9.8438;Witzenhausen;Hessen;Frei
5654;19490101;2007-12-31;464;49.2178;10.2296;WÃ¶rnitz-Bottenweiler;Bayern;Frei
5663;19490101;1990-12-31;118;53.4618;13.6099;Woldegk;Mecklenburg-Vorpommern;Frei
5664;19580101;2024-12-31;296;48.2953;8.2391;Wolfach;Baden-WÃ¼rttemberg;Frei
5665;19180101;2004-12-31;677;47.818;9.797;Wolfegg;Baden-WÃ¼rttemberg;Frei
5675;19610101;1980-12-31;56;52.4411;10.7587;Wolfsburg;Niedersachsen;Frei
5676;19820101;2023-12-31;82;52.3962;10.6892;Wolfsburg (SÃ¼dwest);Niedersachsen;Frei
5681;19820101;1998-12-31;200;49.5811;7.6234;Wolfstein/Pfalz;Rheinland-Pfalz;Frei
5688;20190101;2024-12-31;881;47.7004;8.1057;Dachsberg-Wolpadingen;Baden-WÃ¼rttemberg;Frei
5692;18960101;2024-12-31;88;49.6051;8.3659;Worms;Rheinland-Pfalz;Frei
5703;19490101;1985-12-31;170;49.7964;9.8949;WÃ¼rzburg/Main;Bayern;Frei
5705;18810101;2024-12-31;268;49.7704;9.9576;WÃ¼rzburg;Bayern;Frei
5707;18800101;1952-12-31;175;49.7995;9.928;WÃ¼rzburg (Physikalisches-Inst;Bayern;Frei
5715;20020101;2024-12-31;49;52.4626;9.4245;Wunstorf;Niedersachsen;Frei
5717;19070101;2024-12-31;134;51.2256;7.1052;Wuppertal-Buchenhofen;Nordrhein-Westfalen;Frei
5719;20050101;2008-12-31;235;51.2051;7.2;Remscheid;Nordrhein-Westfalen;Frei
5728;19530101;1981-12-31;35;52.8039;12.8714;Wustrau-Ziethenhorst;Brandenburg;Frei
5731;19550101;2024-12-31;395;47.6783;8.3801;WutÃ¶schingen-Ofteringen;Baden-WÃ¼rttemberg;Frei
5732;18880101;2002-12-31;9;54.6928;8.5271;Wrixum/FÃ¶hr;Schleswig-Holstein;Frei
5745;19330101;2024-12-31;51;52.9664;13.3268;Zehdenick;Brandenburg;Frei
5750;19530101;2024-12-31;264;51.0314;12.1495;Zeitz;Sachsen-Anhalt;Frei
5761;19040101;1980-12-31;69;51.9642;12.0996;Zerbst;Sachsen-Anhalt;Frei
5770;19530101;1982-12-31;316;50.6132;11.6472;ZiegenrÃ¼ck;ThÃ¼ringen;Frei
5778;19910101;2003-12-31;2;54.0801;13.8989;Zinnowitz;Mecklenburg-Vorpommern;Frei
5779;19710101;2024-12-31;877;50.7313;13.7516;Zinnwald-Georgenfeld;Sachsen;Frei
5781;18760101;1950-12-31;235;50.8849;14.8112;Zittau;Sachsen;Frei
5792;19010101;2024-12-31;956;47.421;10.9848;Zugspitze;Bayern;Frei
5797;18640101;2024-12-31;349;50.6879;12.4329;Lichtentanne;Sachsen;Frei
5800;19980101;2024-12-31;615;49.028;13.2385;Zwiesel;Bayern;Frei
5802;19470101;2002-12-31;615;49.0007;13.2137;Zwieselberg;Bayern;Frei
5821;19590101;1976-12-31;36;52.8482;8.719;Bassum (A);Niedersachsen;Frei
5822;19760101;2024-12-31;42;52.863;8.6989;Bassum;Niedersachsen;Frei
5825;19540101;2024-12-31;41;52.6198;12.7867;Berge;Brandenburg;Frei
5832;19460101;1953-12-31;50;53.1007;11.0455;Dannenberg;Niedersachsen;Frei
5839;19980101;2024-12-31;-0;53.3881;7.2287;Emden;Niedersachsen;Frei
5856;19980101;2024-12-31;476;48.5451;13.3532;FÃ¼rstenzell;Bayern;Frei
5871;19990101;2024-12-31;497;49.9463;7.2645;Hahn;Rheinland-Pfalz;Frei
5885;18810101;1976-12-31;289;48.6582;9.4203;Kirchheim/Teck-Ã–tlingen;Baden-WÃ¼rttemberg;Frei
5890;19440101;1990-12-31;850;47.6777;11.0473;Kohlgrub, Bad (A);Bayern;Frei
5898;19390101;1983-12-31;287;48.8943;9.2058;Ludwigsburg;Baden-WÃ¼rttemberg;Frei
5904;19790101;2004-12-31;431;48.6493;11.7772;Mainburg;Bayern;Frei
5906;17820101;2024-12-31;98;49.5063;8.5584;Mannheim;Baden-WÃ¼rttemberg;Frei
5912;19370101;2003-12-31;169;51.0988;9.538;Malsfeld;Hessen;Frei
5920;18880101;1996-12-31;91;50.4485;7.4275;Neuwied;Rheinland-Pfalz;Frei
5930;19980101;2024-12-31;1;54.641;10.0238;SchÃ¶nhagen (Ostseebad);Schleswig-Holstein;Frei
5941;19380101;2024-12-31;686;47.6754;12.4698;Reit im Winkl;Bayern;Frei
5971;19510101;1962-12-31;510;48.8787;9.6342;Welzheim (A);Baden-WÃ¼rttemberg;Frei
6086;19980101;1999-12-31;71;52.7786;13.759;Melchow-SchÃ¶nholz;Brandenburg;Frei
6093;19990101;2024-12-31;62;53.2139;10.4704;Wendisch Evern;Niedersachsen;Frei
6095;19990101;1998-12-31;273;51.0838;13.4486;Taubenheim-Seeligstadt;Sachsen;Frei
6105;19990101;2024-12-31;15;54.3194;9.8051;Ostenfeld (Rendsburg);Schleswig-Holstein;Frei
6109;19990101;2024-12-31;51;53.3837;14.3728;Grambow-Schwennenz;Mecklenburg-Vorpommern;Frei
6110;19990101;2003-12-31;11;53.8545;13.4949;Medow-Wussentin;Mecklenburg-Vorpommern;Frei
6112;19990101;1999-12-31;2;54.267;13.143;Stralsund-Devin;Mecklenburg-Vorpommern;Frei
6129;20000101;2024-12-31;291;51.0594;14.4266;Sohland/Spree;Sachsen;Frei
6157;20000101;2024-12-31;4;53.6411;8.0809;Wangerland-Hooksiel;Niedersachsen;Frei
6158;20000101;2024-12-31;454;49.2249;10.6085;Weidenbach-Weiherschneidbach;Bayern;Frei
6159;19600101;2024-12-31;8;52.9542;7.3197;DÃ¶rpen;Niedersachsen;Frei
6163;20000101;2024-12-31;27;54.1654;10.3519;DÃ¶rnick;Schleswig-Holstein;Frei
6170;20010101;2024-12-31;39;52.0192;14.7254;Coschen;Brandenburg;Frei
6182;20010101;2011-12-31;404;48.7757;12.1743;Mallersdorf-Pfaffenberg;Bayern;Frei
6186;20010101;2018-12-31;268;50.1989;7.8651;NastÃ¤tten;Rheinland-Pfalz;Frei
6196;20010101;2000-12-31;611;50.1587;12.0386;Selb-Spielberg;Bayern;Frei
6197;20010101;2024-12-31;258;51.8664;9.271;LÃ¼gde-Paenbruch;Nordrhein-Westfalen;Frei
6199;20010101;2024-12-31;16;54.2484;13.0419;Steinhagen-Negast;Mecklenburg-Vorpommern;Frei
6217;20020101;2024-12-31;190;49.2406;6.9351;SaarbrÃ¼cken-Burbach;Saarland;Frei
6219;20020101;2000-12-31;394;48.8768;11.1043;Dollnstein-Breitenfurt;Bayern;Frei
6258;20030101;2024-12-31;461;47.6845;9.4409;Friedrichshafen-Unterraderach;Baden-WÃ¼rttemberg;Frei
6259;20050101;2024-12-31;524;49.021;9.6033;GroÃŸerlach-Mannenweiler;Baden-WÃ¼rttemberg;Frei
6260;20030101;2024-12-31;381;49.3328;9.704;Ingelfingen-Stachenhausen;Baden-WÃ¼rttemberg;Frei
6262;20030101;2024-12-31;412;48.7695;9.8737;SchwÃ¤bisch GmÃ¼nd-Weiler;Baden-WÃ¼rttemberg;Fre
6263;20050101;2024-12-31;445;47.7738;8.8219;Singen;Baden-WÃ¼rttemberg;Frei
6264;20050101;2024-12-31;457;51.414;8.65;Brilon-ThÃ¼len;Nordrhein-Westfalen;Frei
6265;20050101;2024-12-31;36;52.3613;12.3867;Wusterwitz;Brandenburg;Frei
6266;20050101;2024-12-31;112;52.0304;10.9626;Huy-Pabstorf;Sachsen-Anhalt;Frei
6272;20050101;2024-12-31;284;50.8426;10.2518;Salzungen, Bad-GrÃ¤fen-Nitzend;ThÃ¼ringen;Frei
6273;20050101;2024-12-31;36;52.5075;11.8551;Demker;Sachsen-Anhalt;Frei
6275;20050101;2024-12-31;327;48.6705;9.4627;Notzingen;Baden-WÃ¼rttemberg;Frei
6304;20030101;2006-12-31;550;49.3533;11.5053;Pilsach-Litzlohe;Bayern;Frei
6305;20050101;2024-12-31;194;51.2061;10.4978;MÃ¼hlhausen/ThÃ¼ringen-GÃ¶rmar;ThÃ¼ringen;Fr
6310;20050101;2024-12-31;1;54.1049;13.8239;Karlshagen;Mecklenburg-Vorpommern;Frei
6312;20050101;2019-12-31;362;49.5314;10.6418;Markt Erlbach-Mosbach;Bayern;Frei
6314;19500101;2024-12-31;306;51.0507;13.3003;Nossen;Sachsen;Frei
6336;20060101;2024-12-31;288;50.0132;9.654;Lohr/Main-Halsbach;Bayern;Frei
6337;20050101;2024-12-31;58;51.7663;7.5194;LÃ¼dinghausen-Brochtrup;Nordrhein-Westfalen;Frei
6344;20050101;2024-12-31;168;50.394;8.1423;Runkel-Ennerich;Hessen;Frei
6346;20060101;2024-12-31;531;48.207;11.2035;Maisach-Galgen;Bayern;Frei
6347;20060101;2024-12-31;305;50.0579;10.2972;Schonungen-Mainberg;Bayern;Frei
7075;20060101;2024-12-31;429;48.702;11.8493;Elsendorf-Horneck;Bayern;Frei
7099;20050101;2020-12-31;187;52.0111;10.3966;Liebenburg-Othfresen;Niedersachsen;Frei
7105;20060101;2024-12-31;719;47.835;12.6548;Siegsdorf-HÃ¶ll;Bayern;Frei
7106;20070101;2024-12-31;105;52.0714;8.4565;Bielefeld-Deppendorf;Nordrhein-Westfalen;Frei
7135;19510101;2004-12-31;565;47.9655;9.6804;Aulendorf-Haslach;Baden-WÃ¼rttemberg;Frei
7187;20050101;2024-12-31;194;49.7636;9.4063;Freudenberg/Main-Boxtal;Baden-WÃ¼rttemberg;Frei
7244;19670101;2003-12-31;62;53.1424;13.0319;Neuglobsow (HM);Brandenburg;Frei
7298;20060101;2024-12-31;4;54.5268;9.0425;Hattstedt;Schleswig-Holstein;Frei
7319;20060101;2024-12-31;435;48.7374;10.7393;DonauwÃ¶rth-Osterweiler;Bayern;Frei
7321;20060101;2024-12-31;157;51.1507;11.3321;Olbersleben;ThÃ¼ringen;Frei
7325;20120101;2015-12-31;650;47.4165;10.9795;Schneefernerhaus;Bayern;Frei
7329;20060101;2024-12-31;465;50.5467;12.2863;Treuen;Sachsen;Frei
7330;20060101;2024-12-31;159;51.4633;7.978;Arnsberg-Neheim;Nordrhein-Westfalen;Frei
7331;20060101;2024-12-31;467;48.6099;10.2674;Hermaringen-Allewind;Baden-WÃ¼rttemberg;Frei
7341;20060101;2024-12-31;119;50.09;8.7862;Offenbach-Wetterpark;Hessen;Frei
7343;20070101;2024-12-31;689;50.62;13.4817;Deutschneudorf-BrÃ¼derwiese;Sachsen;Frei
7350;20070101;2024-12-31;585;49.1088;12.8231;Prackenbach-NeuhÃ¤usl;Bayern;Frei
7351;20060101;2024-12-31;115;53.3176;13.4175;Feldberg/Mecklenburg;Mecklenburg-Vorpommern;Frei
7364;20070101;2024-12-31;74;51.6818;12.3053;JeÃŸnitz;Sachsen-Anhalt;Frei
7367;20080101;2024-12-31;144;51.9643;9.8072;Alfeld;Niedersachsen;Frei
7368;20080101;2024-12-31;312;51.0007;10.3621;Eisenach;ThÃ¼ringen;Frei
7369;20080101;2024-12-31;475;49.1623;10.3661;Feuchtwangen-Heilbronn;Bayern;Frei
7370;20070101;2024-12-31;499;49.391;12.6838;WaldmÃ¼nchen;Bayern;Frei
7373;20070101;2024-12-31;3;53.5984;6.7024;Borkum-Flugplatz;Niedersachsen;Frei
7374;20070101;2024-12-31;46;52.0813;6.9409;Ahaus;Nordrhein-Westfalen;Frei
7389;20070101;2024-12-31;83;52.7461;13.8427;Heckelberg;Brandenburg;Frei
7393;20100101;2024-12-31;116;51.4492;14.2533;Hoyerswerda;Sachsen;Frei
7394;20070101;2024-12-31;622;50.0315;11.9745;Wunsiedel-SchÃ¶nbrunn;Bayern;Frei
7395;20080101;2024-12-31;351;48.6595;12.5388;Gottfrieding;Bayern;Frei
7396;20090101;2024-12-31;740;50.5084;9.2246;Hoherodskopf/Vogelsberg;Hessen;Frei
7403;20080101;2024-12-31;672;47.7955;10.0325;Leutkirch-Herlazhofen;Baden-WÃ¼rttemberg;Frei
7410;20120101;2024-12-31;350;50.7513;9.0224;Neu-Ulrichstein;Hessen;Frei
7412;20070101;2024-12-31;340;50.0083;9.4238;NeuhÃ¼tten/Spessart;Bayern;Frei
7419;20070101;2024-12-31;389;50.661;12.0756;Langenwetzendorf-GÃ¶ttendorf;ThÃ¼ringen;Frei
7420;20080101;2024-12-31;246;51.1045;11.7113;Naumburg/Saale-Kreipitzsch;Sachsen-Anhalt;Frei
7424;20070101;2024-12-31;457;47.7724;12.9073;Piding;Bayern;Frei
7427;20080101;2024-12-31;17;54.0188;9.9255;Padenstedt (Pony-Park);Schleswig-Holstein;Frei
7428;20080101;2024-12-31;397;50.4167;10.8156;Veilsdorf;ThÃ¼ringen;Frei
7431;20080101;2024-12-31;604;48.013;11.5524;Oberhaching-Laufzorn;Bayern;Frei
7432;20080101;2024-12-31;71;52.6423;10.6628;Wittingen-Vorhop;Niedersachsen;Frei
13670;20080101;2024-12-31;24;51.5088;6.7018;Duisburg-Baerl;Nordrhein-Westfalen;Frei
13674;20080101;2024-12-31;237;49.2943;8.9053;Waibstadt;Baden-WÃ¼rttemberg;Frei
13675;20080101;2024-12-31;75;52.0818;9.4077;Hameln-Hastenbeck;Niedersachsen;Frei
13696;20080101;2024-12-31;60;51.5966;7.4048;Waltrop-Abdinghof;Nordrhein-Westfalen;Frei
13700;20090101;2024-12-31;203;51.3329;7.3412;Gevelsberg-OberbrÃ¶king;Nordrhein-Westfalen;Frei
13710;20090101;2024-12-31;490;48.5734;12.2576;Landshut-Reithof;Bayern;Frei
13711;20080101;2024-12-31;289;50.682;11.515;KrÃ¶lpa-Rockendorf;ThÃ¼ringen;Frei
13713;20080101;2024-12-31;385;51.0899;7.6289;Meinerzhagen-Redlendorf;Nordrhein-Westfalen;Frei
13776;20090101;2010-12-31;85;52.1789;9.9524;Hildesheim-Drispenstedt;Niedersachsen;Frei
13777;20090101;2024-12-31;109;52.2467;10.9592;Helmstedt-Emmerstedt;Niedersachsen;Frei
13876;19220101;1944-12-31;755;50.7667;13.7333;Altenberg-Raupennest;Sachsen;Frei
13886;19380101;1971-12-31;250;50.7;11.6;PÃ¶ÃŸneck;ThÃ¼ringen;Fre
13898;19320101;1976-12-31;286;51.4667;10.3;Wehnde;ThÃ¼ringen;Frei
13904;20090101;2007-12-31;3;55.0;6.3333;Nordseeboje 2;Hamburg;Frei
13965;20090101;2024-12-31;619;48.2639;8.8134;Balingen-Bronnhaupten;Baden-WÃ¼rttemberg;Frei
14138;20100101;2014-12-31;73;52.1655;14.1224;Falkenberg (Grenzschichtmessfe;Brandenburg;Frei
14311;19580101;2005-12-31;530;50.15;6.5527;Hersdorf-WeiÃŸenseifen;Rheinland-Pfalz;Frei
15000;20120101;2024-12-31;231;50.7983;6.0244;Aachen-Orsbach;Nordrhein-Westfalen;Frei
15207;20140101;2024-12-31;317;51.2835;9.359;Schauenburg-Elgershausen;Hessen;Frei
15444;20150101;2024-12-31;593;48.4418;9.9216;Ulm-MÃ¤hringen;Baden-WÃ¼rttemberg;Frei
15526;18810101;1935-12-31;29;53.5467;9.9716;Hamburg (Deutsche Seewarte);Hamburg;Frei
15555;20170101;2024-12-31;815;47.8761;10.5849;Kaufbeuren-Oberbeuren;Bayern;Frei
15813;20230101;2024-12-31;40;52.5126;7.4131;Lingen-Baccum;Niedersachsen;Frei
15926;19510101;1954-12-31;370;49.341;12.133;Fronberg (Schwandorf);Bayern;Frei
15951;19770101;2003-12-31;280;49.2121;7.5882;Pirmasens (KlÃ¤ranlage);Rheinland-Pfalz;Frei
15963;19530101;2003-12-31;40;51.3258;6.5089;St. TÃ¶nis;Nordrhein-Westfalen;Frei
15964;18810101;1954-12-31;45;51.33;6.56;Krefeld-Mitte;Nordrhein-Westfalen;Frei
15965;19700101;1983-12-31;350;50.3102;9.7838;BrÃ¼ckenau, Bad (Elisabethenho;Bayern;Frei
15979;19480101;1978-12-31;426;49.9311;7.5153;Sargenroth;Rheinland-Pfalz;Frei
16085;19610101;1961-12-31;8;53.5874;8.6011;Leherheide;Bremen;Frei
19087;19580101;1994-12-31;645;48.8049;13.5528;Freyung vorm Wald;Bayern;Frei
19171;20210101;2024-12-31;13;54.0039;9.8555;Hasenkrug-Hardebek;Schleswig-Holstein;Frei
19172;20210101;2024-12-31;48;54.0246;9.388;Wacken;Schleswig-Holstein;Frei
19207;20240101;2024-12-31;16;53.8178;12.0645;GÃ¼lzow-PrÃ¼zen;Mecklenburg-Vorpomme;Frei
19318;19470101;1978-12-31;292;50.718;10.431;Schmalkalden;ThÃ¼ringen;Frei
19364;19380101;1977-12-31;720;50.6167;10.8167;Schmiedefeld/Rennsteig;ThÃ¼ringen;Frei
19378;19580101;1977-12-31;505;50.8333;10.5833;Finsterbergen;ThÃ¼ringen;Frei
19406;18870101;1960-12-31;132;51.0833;11.6333;Sulza, Bad;ThÃ¼ringen;Frei
19433;18870101;1961-12-31;316;50.8188;10.3443;Liebenstein, Bad;ThÃ¼ringen;Frei
19510;19500101;1970-12-31;159;51.1;12.33;Lucka;ThÃ¼ringen;Frei
19579;19710101;2004-12-31;875;47.8194;8.3348;Bonndorf;Baden-WÃ¼rttemberg;Frei
19580;19750101;2005-12-31;471;48.4951;9.4003;Urach, Bad/Erms;Baden-WÃ¼rttemberg;Frei
19581;19750101;2004-12-31;600;48.6671;8.47;EnzklÃ¶sterle/Schwarzwald;Baden-WÃ¼rttemberg;Frei
19582;19460101;2000-12-31;754;48.1419;8.4255;KÃ¶nigsfeld;Baden-WÃ¼rttemberg;Frei
19607;19730101;2000-12-31;615;50.6952;13.4972;CÃ¤mmerswalde-Rauschenbach;Sachsen;Frei
19617;19330101;2006-12-31;310;49.7391;10.6039;Burghaslach;Bayern;Frei
19631;18820101;1969-12-31;268;50.8083;10.2294;Salzungen;ThÃ¼ringen;Frei
19647;19510101;2004-12-31;178;49.4547;8.9794;Eberbach/Neckar;Baden-WÃ¼rttemberg;Frei
19774;19720101;1993-12-31;174;51.4814;10.8057;Nordhausen (Umspannwerk);ThÃ¼ringen;Frei
19781;18810101;1953-12-31;367;48.7429;11.4233;Ingolstadt;Bayern;Frei
19794;18810101;1954-12-31;370;49.4415;11.8529;Amberg (Mariahilfberg);Bayern;Frei
19831;19240101;1994-12-31;430;48.5957;8.729;Nagold/Nagold;Baden-WÃ¼rttemberg;Frei
19856;20250101;2024-12-31;625;47.6134;12.9819;SchÃ¶nau am KÃ¶nigssee;Bayern;Frei
19911;19640101;1985-12-31;215;50.9625;10.0663;Gerstungen/ThÃ¼ringen;ThÃ¼ringen;Frei
19940;19670101;1979-12-31;31;52.6069;11.88;Stendal/Altmark;Sachsen-Anhalt;Frei
19985;19810101;2003-12-31;455;48.8457;8.9073;Weissach/Strudelbach;Baden-WÃ¼rttemberg;Frei
19989;18810101;2011-12-31;147;50.0681;8.2603;Wiesbaden (SÃ¼dost);Hessen;Frei
20007;18810101;1934-12-31;332;50.8422;12.877;Chemnitz-Altendorf;Sachsen;Frei
20098;20260101;2024-12-31;019;48.5651;8.2284;Seebach (Nationalpark Schwarzw;Baden-WÃ¼rttemberg;Frei
